"ID","AGE","EDUC","DEGREE","SEX","RACE","BIBLE1"
502,30,11,0,2,2,"."
578,32,11,0,1,1,"3"
600,41,12,1,2,2,"1"
863,39,9,0,2,2,"."
951,61,8,0,1,1,"1"
991,35,17,3,1,1,"3"
1179,21,9,1,1,1,"2"
1384,21,11,0,1,3,"2"
1420,52,17,4,1,1,"3"
1423,72,10,0,1,1,"."
1446,41,13,1,2,1,"."
1462,26,17,1,1,1,"2"
1479,24,12,1,2,2,"."
1550,47,12,1,2,2,"1"
1557,23,12,1,2,2,"."
1722,27,12,1,2,1,"."
2071,47,11,1,1,1,"2"
2079,18,6,0,2,3,"."
2127,34,10,0,1,1,"."
2156,23,12,0,2,1,"2"
2229,35,10,0,1,1,"2"
2241,26,8,0,1,1,"."
2251,45,11,1,1,1,"."
2316,51,12,1,1,1,"."
2325,41,18,4,2,1,"9"
2349,46,12,1,1,1,"."
2403,24,13,1,1,2,"."
2406,47,12,1,1,2,"1"
2420,81,10,0,1,2,"1"
2421,25,9,1,1,2,"3"
2433,56,6,0,1,2,"."
2445,40,12,1,1,2,"."
2449,46,10,0,1,2,"."
2460,23,10,0,2,2,"."
2520,39,13,1,2,1,"."
2582,54,11,0,1,1,"."
2583,67,7,0,1,1,"."
2630,72,12,1,2,1,"2"
2640,36,13,1,2,1,"."
67,70,14,1,2,1,"2"
68,99,14,2,2,1,"2"
80,66,18,4,2,1,"."
82,43,12,1,1,3,"1"
141,52,16,3,2,3,"2"
153,32,12,1,2,3,"3"
164,37,14,2,1,1,"1"
167,50,14,2,1,1,"2"
178,62,17,3,1,1,"."
533,34,16,3,1,3,"4"
559,34,14,2,1,2,"."
645,31,7,0,2,1,"."
931,40,20,3,1,3,"3"
934,35,17,3,2,3,"."
1022,35,12,1,1,1,"8"
1031,70,12,1,1,1,"."
1188,22,14,1,1,1,"."
1196,38,12,1,1,1,"."
1220,74,12,1,2,1,"."
1364,58,14,1,2,1,"."
1616,33,20,4,2,3,"2"
1774,45,16,3,2,1,"1"
1861,42,15,1,2,1,"2"
1867,99,12,1,1,1,"4"
1977,62,12,1,2,3,"1"
2039,43,13,1,1,1,"1"
2111,63,12,1,2,1,"."
2190,65,9,0,2,1,"."
2283,28,14,1,1,1,"."
2423,67,14,2,2,1,"."
2447,56,16,3,1,1,"1"
2462,54,17,3,1,1,"."
2533,23,13,1,1,1,"1"
2566,58,8,0,2,1,"."
2570,23,13,1,2,1,"1"
2590,55,12,1,2,1,"4"
2599,18,12,1,1,1,"2"
2800,49,8,0,2,1,"1"
1,52,9,0,2,3,"."
2,43,14,1,2,3,"."
4,53,14,2,1,1,"1"
6,33,16,3,1,2,"1"
7,24,14,1,1,3,"2"
8,22,14,1,1,3,"."
9,19,12,1,1,2,"3"
10,26,14,2,1,2,"."
12,58,12,1,2,2,"."
13,32,10,0,1,2,"."
14,40,18,4,1,2,"3"
16,48,11,0,1,2,"."
17,39,9,0,2,2,"."
18,27,9,0,1,1,"2"
19,38,16,3,2,2,"."
20,29,11,1,1,3,"."
21,29,13,0,2,2,"1"
22,67,14,1,2,1,"."
23,57,12,1,1,1,"."
24,20,14,1,1,3,"2"
25,19,13,1,1,1,"2"
26,55,16,2,2,3,"."
27,35,13,1,2,1,"."
28,26,16,3,1,1,"3"
29,81,16,3,1,1,"3"
30,73,16,3,1,1,"."
31,65,12,1,2,1,"2"
32,68,12,0,1,2,"."
33,35,13,1,1,2,"2"
34,30,18,4,1,1,"2"
35,47,17,3,2,1,"."
36,58,16,3,2,1,"."
37,57,20,4,2,1,"3"
38,29,19,4,1,1,"."
39,53,18,4,2,1,"3"
40,48,16,4,1,1,"2"
41,23,13,1,2,2,"4"
42,36,14,1,1,3,"1"
43,24,12,1,1,2,"1"
44,61,15,1,2,1,"3"
45,49,14,1,1,1,"2"
46,55,16,3,1,3,"."
47,53,13,1,2,1,"2"
48,33,18,4,1,1,"."
49,26,13,1,2,1,"."
50,63,16,3,2,1,"3"
52,30,17,4,1,3,"."
54,49,12,1,1,1,"."
55,23,12,0,1,1,"."
56,59,8,0,2,1,"1"
57,47,16,4,1,1,"."
58,31,16,3,2,1,"2"
59,55,16,3,2,1,"."
60,74,16,3,1,1,"."
61,49,16,3,1,1,"."
62,40,16,3,1,1,"."
63,40,20,4,2,3,"."
65,55,20,4,1,3,"."
66,48,18,4,2,1,"."
69,57,18,4,2,1,"."
71,38,16,3,2,2,"."
73,53,18,4,2,1,"3"
75,41,16,2,2,2,"."
76,25,14,1,2,3,"2"
77,26,16,3,1,1,"3"
78,57,18,4,1,3,"8"
79,57,10,0,2,3,"."
81,39,15,3,2,2,"1"
83,30,17,3,2,1,"."
84,48,16,3,1,1,"."
85,45,17,3,1,1,"1"
86,45,12,1,1,1,"8"
87,32,16,3,1,3,"."
88,22,12,1,2,2,"2"
89,33,15,3,1,3,"."
90,69,12,1,2,1,"."
92,31,15,3,1,3,"."
93,31,14,2,1,3,"."
94,45,13,1,2,1,"."
95,79,12,1,2,1,"."
96,18,12,1,2,1,"."
97,55,12,1,2,1,"2"
98,63,13,1,1,1,"2"
99,63,12,1,1,1,"."
103,37,16,3,2,1,"."
104,29,16,3,2,3,"2"
105,33,14,2,2,3,"."
106,50,17,3,2,1,"."
107,39,8,0,1,1,"2"
108,42,10,0,1,1,"."
109,35,12,1,1,1,"2"
110,57,15,1,2,3,"."
111,57,15,1,1,2,"1"
112,60,9,0,1,1,"."
113,74,14,1,2,1,"."
115,28,12,1,2,1,"2"
116,34,18,4,2,1,"."
118,49,14,1,1,3,"2"
124,68,11,0,1,1,"1"
125,47,12,1,2,1,"."
126,42,14,2,1,1,"2"
127,56,18,4,1,1,"3"
128,57,18,4,2,1,"3"
129,62,12,1,1,1,"."
130,61,15,1,1,1,"."
131,56,6,0,2,1,"."
132,59,12,1,2,1,"2"
133,19,11,0,1,1,"."
134,40,12,1,1,1,"2"
135,55,14,1,1,1,"."
136,32,18,4,2,1,"."
137,46,16,3,1,1,"2"
138,23,9,1,1,1,"1"
139,50,14,1,1,1,"."
140,24,12,1,2,1,"."
142,51,12,1,2,1,"8"
143,50,12,1,2,1,"."
144,55,16,3,2,1,"."
145,21,12,1,1,1,"4"
146,49,15,1,1,1,"."
147,61,19,4,1,1,"3"
149,28,14,1,1,1,"."
150,45,16,3,2,1,"2"
151,61,9,0,1,2,"."
152,35,12,1,2,1,"."
154,31,18,4,2,1,"2"
156,58,12,1,1,1,"."
157,33,16,3,2,3,"2"
158,51,18,4,2,1,"2"
159,33,19,4,1,1,"."
160,58,12,1,1,1,"."
162,28,19,4,2,1,"2"
163,33,16,3,1,1,"."
165,29,13,1,2,1,"2"
168,99,16,3,2,1,"."
170,46,16,1,1,2,"2"
171,67,16,3,1,1,"."
172,55,14,2,1,1,"3"
175,26,19,2,2,1,"2"
176,31,16,3,2,1,"."
177,74,18,4,1,1,"."
180,35,14,1,1,1,"2"
181,38,13,1,2,2,"."
182,69,12,1,1,1,"."
183,35,6,0,1,3,"."
184,59,13,1,2,3,"."
185,76,14,1,1,1,"."
187,70,14,1,1,1,"2"
188,69,12,1,2,1,"3"
189,99,12,1,1,1,"."
190,70,13,1,2,1,"2"
191,79,12,1,2,1,"."
192,56,14,1,1,1,"1"
193,47,15,1,1,1,"."
194,62,99,0,1,1,"."
195,56,15,1,2,1,"4"
198,30,12,1,1,1,"."
199,64,15,1,2,1,"."
202,18,12,1,1,1,"."
203,64,14,2,1,1,"."
204,38,15,2,2,3,"."
205,49,12,1,1,1,"."
206,28,14,1,1,1,"."
207,24,11,0,1,3,"."
208,36,12,1,2,3,"1"
209,41,13,1,2,2,"2"
210,24,15,2,1,1,"."
211,28,14,1,1,3,"."
212,51,6,0,1,3,"."
213,20,15,1,1,3,"2"
214,30,14,1,2,3,"."
216,44,14,1,2,1,"."
217,38,11,0,2,1,"1"
218,34,16,3,2,1,"."
219,21,15,1,1,1,"2"
220,31,13,1,1,1,"."
221,23,15,1,1,3,"3"
222,45,15,1,1,3,"4"
223,55,16,3,1,3,"."
224,56,16,1,2,1,"2"
225,23,12,1,1,2,"."
226,61,17,3,2,3,"1"
227,36,11,0,1,1,"."
228,20,14,1,1,1,"2"
230,33,13,1,2,3,"."
231,28,13,1,2,1,"1"
232,29,16,3,1,3,"3"
233,57,17,3,1,1,"."
234,25,16,3,2,3,"2"
235,64,10,1,2,1,"."
236,37,14,1,1,1,"3"
237,26,14,1,2,3,"."
238,28,16,3,2,3,"."
239,41,13,1,2,1,"."
240,70,14,1,1,1,"."
243,40,18,4,1,2,"."
244,27,11,0,1,1,"3"
245,43,6,0,2,1,"1"
246,61,14,1,2,1,"2"
247,43,10,0,2,3,"1"
248,62,12,1,2,1,"."
249,64,9,0,2,1,"3"
250,59,18,4,2,1,"."
252,62,11,0,1,1,"."
253,49,17,4,2,1,"."
254,84,12,1,2,1,"2"
255,44,14,1,1,1,"."
257,39,16,3,2,1,"4"
258,50,12,1,1,1,"."
259,44,20,4,2,1,"."
260,28,17,3,1,1,"."
261,24,17,3,2,1,"."
264,38,12,1,1,3,"."
265,69,9,0,2,2,"1"
266,24,11,1,2,2,"."
267,54,14,1,2,2,"."
268,49,20,4,1,1,"."
271,25,15,2,1,1,"."
272,45,16,3,2,1,"4"
273,18,12,1,2,3,"."
274,25,12,1,2,3,"1"
276,36,12,1,2,1,"."
277,19,13,1,1,1,"."
282,43,13,1,2,1,"2"
285,46,16,3,1,1,"."
286,41,14,8,2,1,"1"
287,35,16,3,2,1,"."
288,57,13,1,2,1,"2"
289,53,16,3,2,1,"."
290,50,14,1,2,1,"."
291,76,12,0,2,1,"2"
292,45,12,1,2,1,"."
293,66,12,1,2,1,"2"
294,49,14,1,1,1,"."
295,67,13,1,2,1,"2"
297,70,12,1,2,1,"2"
298,77,14,1,1,1,"2"
299,46,16,3,1,1,"."
300,23,14,2,1,1,"."
301,39,16,3,2,1,"."
302,22,14,1,2,3,"."
303,46,12,1,2,2,"1"
304,78,14,2,2,1,"1"
305,46,13,1,1,1,"."
306,36,15,2,2,3,"1"
307,53,15,1,2,1,"3"
308,67,12,1,2,1,"3"
309,41,12,1,1,1,"."
310,22,15,2,2,3,"1"
311,63,14,1,2,1,"2"
312,62,11,1,2,1,"2"
314,18,11,0,1,1,"."
315,36,20,4,1,3,"2"
316,50,16,3,2,1,"."
317,48,12,1,1,1,"."
318,34,12,1,2,1,"2"
319,40,18,4,2,3,"2"
320,60,12,1,1,1,"."
321,26,16,3,1,1,"1"
323,52,15,2,2,1,"."
325,31,15,1,2,2,"3"
326,62,15,2,1,2,"."
327,36,12,1,2,2,"2"
328,37,16,3,2,1,"."
330,54,15,2,1,2,"."
331,24,13,1,2,2,"."
332,19,11,1,1,1,"2"
333,35,12,1,1,2,"."
334,27,12,1,2,3,"1"
335,49,13,1,2,3,"."
337,50,16,4,2,1,"."
338,74,16,3,1,3,"3"
339,41,17,3,1,1,"."
340,82,16,3,2,1,"."
341,47,13,1,2,1,"3"
342,44,20,4,1,3,"."
343,36,13,0,2,1,"2"
344,28,12,1,2,1,"."
345,33,14,1,2,1,"."
346,40,12,1,1,1,"."
347,41,14,1,1,1,"2"
349,41,14,1,2,1,"."
350,58,16,3,1,1,"."
351,81,9,0,2,1,"1"
352,55,16,3,2,1,"4"
353,37,16,3,2,1,"."
354,67,14,1,1,1,"."
355,46,14,1,2,3,"."
356,35,12,1,1,1,"."
357,76,8,0,2,1,"3"
358,81,12,1,1,1,"."
359,57,16,3,2,3,"."
361,42,12,1,2,3,"."
362,46,15,1,1,3,"3"
364,30,16,4,2,3,"2"
365,51,18,4,1,1,"."
366,89,16,3,1,1,"."
369,47,10,0,1,3,"."
370,53,17,3,2,1,"."
371,49,12,1,2,1,"2"
372,66,13,1,2,1,"."
373,68,18,4,2,1,"."
374,55,12,1,1,1,"."
375,32,19,4,2,1,"."
376,53,13,1,1,1,"2"
377,44,16,3,1,1,"."
378,67,12,1,2,1,"."
379,44,13,1,1,1,"3"
380,46,2,0,1,1,"1"
381,38,16,3,2,1,"."
382,69,16,3,1,1,"."
383,61,20,4,2,1,"3"
384,29,9,1,1,3,"2"
385,40,16,4,2,1,"."
387,37,18,3,2,1,"."
388,29,10,0,2,3,"."
390,23,12,1,1,2,"."
391,50,20,1,2,1,"."
392,29,20,3,1,1,"."
393,48,12,1,1,2,"."
394,86,18,3,1,1,"."
395,38,11,0,1,1,"1"
396,48,13,1,2,1,"."
397,62,14,2,2,1,"."
398,55,14,1,2,1,"2"
399,39,12,1,1,1,"2"
400,22,12,1,1,1,"1"
401,43,14,1,2,1,"."
402,56,16,3,1,1,"."
403,38,16,3,2,1,"."
404,32,14,2,2,1,"3"
405,49,16,3,1,1,"3"
406,49,12,1,1,1,"2"
407,72,16,3,1,1,"."
408,53,15,1,1,1,"3"
409,59,20,4,2,1,"."
410,84,16,3,1,1,"."
411,60,14,1,2,1,"3"
412,21,15,1,2,1,"."
414,24,18,4,2,1,"."
415,55,13,1,2,2,"1"
416,41,12,1,2,2,"1"
417,29,5,0,1,3,"."
419,35,14,1,2,1,"."
420,34,12,1,1,2,"."
421,36,16,2,2,1,"2"
422,57,16,3,2,2,"."
423,21,12,1,2,2,"1"
424,42,16,3,1,2,"."
425,53,12,1,1,2,"."
426,44,18,4,1,2,"2"
427,28,12,1,2,1,"."
428,43,13,1,1,1,"2"
429,68,12,1,2,1,"1"
430,66,12,1,1,1,"2"
431,28,17,3,2,1,"."
432,82,16,3,1,1,"3"
434,38,18,4,1,1,"."
435,45,16,3,2,1,"."
436,88,12,1,1,1,"."
437,52,18,4,1,1,"2"
438,47,15,1,1,1,"3"
439,34,12,1,2,1,"2"
440,50,20,4,1,1,"3"
441,44,13,1,1,1,"."
442,81,16,4,2,1,"."
443,66,17,4,1,1,"."
444,44,18,4,2,1,"3"
445,67,14,1,2,1,"."
446,46,14,1,2,1,"."
447,56,11,1,1,1,"."
448,25,12,1,1,1,"."
449,41,14,2,2,1,"."
450,18,11,0,2,1,"."
451,59,12,1,1,1,"2"
452,33,16,3,1,1,"2"
453,25,14,1,1,2,"."
454,59,13,1,2,1,"2"
456,30,16,3,2,1,"1"
457,38,14,2,2,2,"."
458,45,12,1,2,1,"2"
459,89,12,1,2,1,"2"
460,66,16,3,1,1,"."
463,45,18,4,1,1,"2"
465,33,3,0,2,1,"."
466,45,16,1,2,2,"."
467,40,14,2,1,2,"."
468,36,14,1,2,2,"."
469,45,16,3,2,2,"2"
470,61,14,1,2,1,"."
471,73,13,1,2,1,"."
473,67,17,4,1,1,"3"
474,30,14,1,2,3,"."
475,56,14,1,1,1,"."
476,80,13,1,2,1,"."
477,45,13,1,2,2,"."
478,19,12,0,2,1,"."
479,43,8,0,2,1,"3"
480,36,14,1,2,1,"3"
481,61,14,2,1,1,"3"
482,44,14,2,1,1,"2"
483,80,12,0,2,1,"2"
484,33,17,3,1,1,"3"
486,40,12,1,1,1,"."
487,34,15,2,2,1,"."
488,56,13,1,1,2,"."
489,45,11,0,2,2,"."
490,33,13,1,2,2,"."
492,69,7,0,1,2,"."
493,48,11,1,1,2,"1"
494,39,14,1,2,2,"1"
496,44,11,0,2,2,"1"
497,21,12,1,1,2,"1"
498,22,13,2,2,2,"3"
499,63,10,0,2,2,"."
500,20,12,1,2,2,"8"
503,45,14,2,2,1,"2"
506,23,14,1,1,1,"2"
507,57,15,2,2,1,"1"
508,75,12,1,2,1,"1"
510,33,16,3,2,3,"."
511,27,14,1,1,1,"."
512,19,11,0,1,2,"."
513,20,8,0,2,2,"1"
514,44,14,1,2,2,"."
515,33,14,2,2,2,"."
517,20,14,2,2,2,"2"
518,19,13,1,2,2,"1"
519,76,8,0,2,2,"."
520,22,12,1,1,2,"1"
521,40,16,3,1,2,"1"
522,33,16,3,2,2,"."
523,24,15,1,2,2,"."
524,64,14,1,2,2,"2"
525,47,18,4,2,1,"."
526,42,15,1,2,1,"2"
527,19,11,0,1,1,"2"
529,44,18,4,2,1,"2"
530,40,14,2,2,1,"."
531,62,14,1,2,1,"3"
532,49,16,3,1,1,"2"
534,47,18,4,1,1,"."
535,99,18,4,1,3,"."
537,22,9,1,1,1,"."
538,27,12,1,1,1,"1"
539,34,16,3,1,1,"."
540,38,13,1,2,1,"."
541,79,11,0,2,1,"2"
542,47,16,3,2,1,"."
543,46,12,1,2,1,"1"
544,31,12,1,2,1,"."
545,34,16,3,1,1,"."
546,25,17,3,1,1,"."
547,40,16,3,1,1,"2"
548,99,12,1,2,2,"2"
551,57,18,4,2,1,"3"
552,49,16,3,1,1,"."
553,44,13,1,1,2,"1"
554,34,15,1,1,1,"."
555,31,16,3,1,1,"."
556,45,14,1,2,1,"."
557,31,14,2,1,2,"1"
558,28,10,1,1,1,"2"
560,30,15,2,2,2,"."
561,19,13,1,2,2,"."
562,29,16,3,1,1,"2"
563,33,16,3,1,1,"."
564,31,12,1,1,1,"."
565,28,16,4,1,1,"3"
566,38,13,1,1,2,"."
567,30,16,3,2,2,"."
568,50,20,4,1,1,"."
569,24,16,3,1,1,"."
570,49,13,1,1,1,"1"
572,44,14,3,1,1,"."
573,45,12,1,1,1,"3"
574,38,12,1,2,1,"2"
575,79,12,1,2,1,"2"
576,63,10,0,1,1,"2"
577,33,7,0,2,1,"."
579,27,9,1,1,1,"."
580,45,11,1,1,1,"."
581,28,11,0,1,1,"4"
582,49,16,3,1,1,"."
583,62,14,2,1,1,"3"
585,59,18,4,1,2,"1"
587,44,12,1,2,2,"."
590,50,12,1,1,1,"."
591,33,12,1,1,2,"1"
592,40,12,1,2,1,"1"
594,34,18,4,2,1,"3"
595,24,16,3,1,1,"."
596,28,16,3,2,1,"3"
597,48,14,1,1,3,"2"
599,64,9,0,1,2,"."
601,37,15,1,1,2,"3"
603,57,16,3,2,2,"."
604,59,16,3,2,2,"."
605,64,18,4,2,1,"2"
606,32,15,1,1,1,"2"
607,40,16,3,1,1,"1"
608,66,14,2,1,1,"."
609,28,16,3,1,1,"1"
610,42,16,3,2,3,"."
611,41,16,3,1,1,"."
612,28,19,4,1,1,"2"
613,50,20,4,1,1,"3"
614,39,18,4,1,3,"3"
617,44,13,2,2,2,"."
619,29,13,1,1,3,"1"
620,45,16,3,2,2,"1"
621,66,13,1,1,1,"3"
622,43,12,1,2,1,"1"
624,48,12,1,2,3,"."
625,41,12,1,2,2,"1"
626,51,12,1,2,2,"1"
627,50,12,1,2,1,"."
628,46,17,4,1,1,"2"
629,54,16,3,2,1,"."
630,35,13,1,2,1,"."
631,38,14,1,2,1,"."
632,46,12,1,1,1,"2"
633,25,16,3,1,1,"3"
634,59,15,1,2,1,"3"
635,45,16,3,2,1,"."
636,43,18,3,2,2,"."
637,51,16,3,1,1,"."
638,45,16,3,1,1,"."
639,40,18,4,2,2,"."
641,34,19,4,2,1,"3"
642,57,19,4,1,1,"."
643,48,12,1,2,3,"."
644,39,9,0,1,3,"1"
646,18,11,0,1,3,"."
647,26,12,1,1,1,"1"
648,49,10,1,2,3,"."
649,71,14,1,2,2,"1"
650,47,14,1,1,1,"2"
651,53,10,0,2,1,"."
652,41,12,1,2,1,"1"
653,56,15,1,1,2,"."
654,40,16,3,2,1,"."
655,74,12,1,2,1,"."
656,61,12,1,2,1,"."
657,22,15,1,1,1,"2"
658,29,12,1,2,2,"."
659,52,13,1,2,2,"."
660,24,18,1,2,2,"."
661,31,14,1,1,2,"2"
662,36,14,1,1,2,"."
663,20,12,1,1,2,"3"
664,27,16,3,2,2,"."
665,49,16,3,2,2,"1"
666,38,16,3,1,1,"."
667,18,12,1,2,1,"3"
668,53,16,3,2,1,"1"
669,50,18,4,2,1,"."
670,47,13,1,2,3,"2"
672,24,17,3,1,3,"."
673,39,14,1,1,2,"3"
674,39,12,1,1,1,"2"
675,44,12,1,2,1,"2"
676,48,12,1,1,1,"."
677,32,17,1,2,1,"2"
678,41,14,2,1,1,"."
679,46,12,1,2,1,"."
680,41,17,3,2,2,"1"
681,54,18,3,1,1,"3"
682,67,14,1,1,1,"."
684,63,15,1,2,1,"."
685,85,11,0,2,1,"2"
686,47,15,1,2,1,"."
687,26,15,3,1,3,"."
688,67,17,3,2,1,"."
689,63,18,4,2,1,"3"
690,26,16,4,2,3,"."
691,57,16,4,1,1,"."
692,54,15,2,2,1,"."
693,75,12,1,2,1,"2"
694,30,12,1,2,2,"."
697,30,12,1,1,2,"2"
699,40,12,1,2,2,"."
700,29,14,1,1,2,"."
702,54,14,1,2,2,"1"
703,53,12,1,2,2,"2"
705,56,12,1,2,2,"."
706,20,12,1,1,2,"."
707,49,16,3,1,2,"2"
708,29,12,1,1,2,"."
710,22,11,0,2,1,"."
712,61,18,4,1,1,"1"
713,65,12,1,1,1,"."
714,51,13,1,2,1,"."
715,47,9,0,2,1,"."
716,53,16,3,1,2,"1"
717,26,16,3,2,1,"."
718,39,18,4,2,2,"."
719,52,12,1,2,1,"."
720,29,13,1,1,1,"2"
721,66,14,1,2,1,"3"
722,57,9,0,2,2,"1"
723,65,16,3,2,1,"."
724,50,10,1,2,1,"."
725,85,16,3,1,1,"2"
726,57,16,3,2,1,"."
727,58,20,4,2,1,"2"
728,41,16,3,2,1,"1"
730,42,14,1,1,1,"."
731,34,16,3,2,1,"2"
732,36,15,2,1,1,"2"
733,50,12,1,1,1,"."
734,19,14,1,2,1,"."
735,57,14,2,1,2,"."
736,29,12,1,1,2,"1"
737,22,14,1,2,1,"2"
738,20,13,1,2,1,"2"
739,20,13,1,2,1,"2"
741,55,14,2,2,1,"2"
742,45,13,1,2,1,"."
744,68,16,3,1,1,"."
745,58,15,2,1,1,"2"
746,35,13,1,2,1,"."
747,46,18,3,1,1,"2"
748,34,15,1,1,1,"."
749,89,14,1,1,1,"2"
750,70,12,1,2,1,"2"
751,60,14,1,2,1,"."
752,35,12,1,2,3,"3"
753,63,14,1,2,1,"2"
755,61,13,1,1,1,"."
756,30,12,1,2,1,"."
757,67,14,2,2,1,"2"
758,62,12,1,1,1,"."
759,33,16,3,1,1,"."
761,60,16,3,2,1,"2"
763,46,15,1,2,1,"."
764,45,10,0,1,2,"."
765,45,14,1,2,2,"2"
766,57,12,1,2,1,"2"
767,23,16,3,2,2,"."
769,34,11,1,2,2,"."
770,41,16,3,1,2,"."
771,44,16,3,2,1,"2"
773,44,16,3,1,1,"."
774,42,18,4,1,1,"3"
775,60,16,3,1,1,"1"
776,43,18,4,2,1,"3"
777,55,14,2,1,1,"."
778,33,20,4,2,1,"2"
779,44,16,3,1,1,"2"
780,32,16,3,2,1,"."
781,42,16,3,1,1,"."
782,27,18,4,2,1,"2"
783,46,14,1,1,1,"."
784,53,12,1,2,1,"."
785,34,16,3,1,1,"2"
786,34,14,1,1,1,"2"
787,41,12,1,2,1,"1"
788,52,18,4,2,1,"."
789,29,17,3,1,1,"."
790,40,20,4,1,1,"."
791,29,14,1,1,1,"1"
792,45,17,3,2,1,"2"
793,52,20,4,1,1,"2"
794,57,16,3,1,1,"."
795,28,12,1,2,3,"."
796,81,8,0,1,1,"1"
797,48,17,3,2,1,"."
798,59,14,2,2,1,"."
799,78,12,1,2,1,"."
800,66,15,1,1,1,"."
801,36,18,4,2,1,"."
802,65,19,4,1,1,"3"
803,60,17,2,2,1,"."
804,60,12,1,1,1,"2"
805,44,14,1,2,1,"."
806,28,9,0,1,1,"1"
807,44,10,0,1,1,"1"
808,41,14,1,2,1,"."
809,34,12,1,2,1,"2"
810,61,8,0,1,1,"1"
811,28,18,4,2,1,"."
812,43,13,1,1,1,"2"
813,51,16,3,1,1,"."
814,69,14,1,2,1,"1"
815,31,18,4,2,1,"2"
816,47,17,4,2,1,"."
817,26,16,3,2,1,"2"
818,24,12,1,1,1,"2"
819,39,12,1,1,1,"1"
820,37,12,1,1,2,"."
821,25,14,1,2,1,"."
822,29,12,1,1,1,"1"
824,19,12,1,2,1,"."
826,59,12,1,1,1,"1"
827,41,11,0,2,1,"1"
828,55,16,3,2,1,"."
829,32,16,3,1,1,"."
830,22,13,1,2,2,"1"
831,48,12,1,1,1,"."
832,55,12,1,2,2,"1"
833,74,11,0,2,2,"1"
834,63,13,1,2,2,"1"
835,43,20,4,1,1,"."
836,23,15,1,2,1,"."
837,25,13,1,2,3,"2"
838,34,11,0,2,2,"2"
839,58,16,4,1,1,"3"
840,56,20,4,1,1,"2"
841,62,17,3,1,1,"."
842,75,14,1,2,1,"2"
843,46,16,3,1,1,"."
844,45,18,4,2,1,"."
845,63,12,1,2,1,"2"
846,26,15,1,2,1,"."
847,62,14,1,2,1,"."
848,52,15,1,1,1,"."
849,73,14,1,2,1,"1"
850,64,14,1,1,1,"."
851,87,10,0,2,1,"2"
852,59,12,1,2,1,"2"
853,78,8,0,2,1,"1"
854,50,13,1,2,1,"3"
855,50,16,3,2,1,"."
856,72,16,3,2,1,"."
857,53,14,2,1,1,"2"
858,63,16,3,1,1,"."
859,72,16,1,2,1,"3"
860,46,16,3,2,1,"."
861,34,20,4,1,1,"2"
862,52,15,1,1,1,"."
865,64,8,0,2,1,"."
866,75,14,2,1,1,"1"
867,21,14,1,2,1,"3"
868,35,12,1,2,2,"."
870,60,14,1,2,1,"."
871,36,17,3,2,1,"."
872,30,14,1,2,1,"2"
873,38,14,1,2,1,"."
874,41,18,4,1,1,"."
875,69,12,1,2,1,"."
876,52,18,4,2,1,"."
877,31,16,3,2,1,"."
878,55,17,4,1,1,"."
879,47,18,4,2,1,"9"
880,30,10,1,2,1,"3"
881,86,13,1,2,1,"."
882,56,16,3,1,1,"2"
883,40,13,1,2,2,"1"
884,79,12,1,2,1,"."
885,33,12,1,2,1,"."
886,61,4,0,1,1,"3"
887,26,16,3,2,1,"."
888,42,13,1,2,2,"1"
890,58,17,4,1,1,"3"
891,68,12,1,2,2,"."
892,66,14,1,2,2,"."
893,66,12,1,2,2,"."
894,61,12,1,2,2,"1"
895,75,11,0,2,2,"."
896,41,16,3,2,2,"1"
897,25,14,1,2,2,"."
898,29,12,1,2,3,"."
899,44,14,2,1,3,"."
900,28,16,2,2,3,"."
901,57,0,0,2,3,"2"
902,78,12,1,1,1,"."
903,65,14,1,1,1,"3"
904,57,14,1,1,3,"2"
905,69,18,4,1,3,"."
906,49,16,3,1,1,"."
907,44,16,3,2,3,"1"
908,36,14,1,1,3,"2"
909,54,14,2,2,3,"2"
910,36,13,1,2,1,"2"
911,57,12,1,2,1,"1"
912,22,16,3,2,1,"."
914,28,14,2,1,2,"."
915,60,20,4,1,1,"."
916,45,19,4,2,1,"2"
918,63,20,4,1,1,"1"
919,64,18,4,2,1,"."
920,48,16,3,2,1,"."
921,63,13,1,1,1,"."
923,40,14,1,1,1,"1"
924,85,17,4,1,1,"3"
925,64,20,4,1,1,"."
928,36,16,3,1,1,"."
932,48,13,2,1,1,"."
935,31,15,2,2,1,"2"
936,23,15,0,1,1,"."
937,35,12,1,2,3,"1"
939,51,15,1,1,1,"."
940,55,12,1,2,1,"3"
942,56,13,1,2,1,"."
943,40,12,1,2,1,"."
944,50,12,1,2,1,"."
945,48,14,1,2,1,"."
947,35,12,0,1,1,"."
948,28,13,1,1,1,"2"
949,50,13,1,1,1,"8"
950,47,12,1,2,1,"."
952,44,18,4,1,1,"."
953,56,15,1,1,1,"2"
954,67,12,1,1,1,"."
955,73,11,0,2,1,"."
956,43,16,4,1,1,"2"
957,30,10,1,1,1,"."
958,27,17,3,2,1,"."
959,25,14,2,2,1,"3"
960,40,16,3,1,1,"1"
961,25,16,3,2,1,"."
963,26,14,1,1,2,"2"
964,55,11,0,2,1,"1"
965,25,16,1,2,1,"."
966,55,12,1,2,1,"."
967,23,12,1,1,1,"."
968,39,12,1,2,1,"."
969,34,12,1,1,1,"1"
970,70,12,1,2,1,"."
971,37,16,3,2,1,"1"
972,40,12,1,2,1,"1"
973,48,16,3,1,1,"2"
974,87,12,1,2,1,"3"
975,74,16,3,2,1,"."
976,64,18,3,2,1,"."
977,52,13,1,2,1,"3"
978,26,16,3,1,1,"."
979,51,14,1,2,1,"3"
980,39,17,1,2,1,"3"
981,52,17,3,1,1,"."
982,52,14,1,1,1,"1"
983,38,16,3,2,1,"."
984,47,20,3,2,1,"2"
985,73,14,1,2,1,"."
986,34,18,4,1,1,"."
987,32,14,1,2,1,"."
988,37,12,1,1,1,"."
989,74,20,3,1,1,"2"
990,66,15,1,2,1,"2"
992,45,16,3,2,1,"2"
993,47,12,0,1,1,"3"
994,34,14,2,2,2,"."
995,25,12,1,2,2,"."
996,47,11,0,2,2,"1"
997,32,14,1,2,2,"."
999,19,11,0,2,2,"."
1000,36,19,4,1,1,"."
1001,65,20,4,2,1,"."
1002,19,13,1,2,2,"1"
1003,29,20,4,1,3,"8"
1004,49,16,3,1,1,"3"
1005,56,20,4,1,2,"."
1006,63,12,1,2,1,"2"
1007,51,15,1,1,1,"."
1010,80,16,3,2,1,"3"
1012,85,8,0,2,1,"."
1013,84,14,2,1,1,"9"
1014,88,12,1,1,1,"2"
1015,28,12,1,2,1,"."
1016,37,12,1,1,1,"2"
1017,78,13,1,2,1,"."
1018,20,13,1,1,1,"."
1021,44,15,2,2,1,"2"
1023,34,12,1,1,1,"."
1024,51,16,3,1,1,"2"
1025,36,12,1,1,1,"1"
1026,23,16,3,1,1,"."
1028,48,12,1,1,1,"1"
1029,56,12,1,2,1,"2"
1030,34,18,3,1,1,"2"
1032,25,12,1,1,1,"2"
1033,64,13,1,2,1,"2"
1034,52,16,3,2,1,"."
1036,69,20,4,1,1,"."
1037,32,18,4,2,1,"."
1038,52,16,3,1,1,"2"
1041,77,19,4,1,1,"."
1042,44,13,1,1,1,"."
1043,41,15,1,2,1,"."
1044,27,20,4,2,1,"3"
1045,33,20,3,2,1,"3"
1046,68,9,0,2,1,"2"
1049,38,12,1,1,1,"."
1050,32,20,4,2,2,"."
1051,27,17,3,2,1,"2"
1052,72,13,1,2,1,"2"
1053,34,18,4,1,1,"1"
1054,34,14,2,2,1,"."
1055,38,16,3,2,1,"."
1056,69,12,1,2,1,"2"
1057,45,18,4,1,1,"2"
1058,59,12,1,1,1,"2"
1059,82,18,4,2,1,"2"
1060,60,12,1,2,1,"2"
1061,60,16,3,1,1,"."
1062,81,18,4,2,1,"2"
1063,83,12,1,2,1,"."
1065,49,14,2,2,1,"."
1067,81,16,3,1,1,"."
1068,52,14,1,2,1,"."
1069,51,14,1,2,1,"2"
1070,62,17,4,1,1,"."
1072,26,15,1,2,1,"."
1073,42,14,2,1,1,"."
1074,50,16,3,2,1,"3"
1075,35,16,3,2,1,"3"
1077,42,16,3,2,1,"."
1078,41,12,1,2,1,"1"
1079,33,14,1,2,3,"2"
1081,27,18,3,1,1,"."
1084,52,16,3,2,1,"."
1085,23,14,1,1,1,"2"
1086,39,12,1,2,1,"2"
1087,41,16,3,2,1,"."
1088,49,16,3,2,1,"2"
1090,41,10,0,2,1,"2"
1091,89,12,1,2,1,"."
1092,40,16,3,2,1,"."
1093,52,17,4,2,1,"."
1094,25,18,4,1,1,"2"
1095,37,12,1,2,1,"."
1096,31,14,2,1,1,"2"
1097,75,11,0,1,1,"1"
1098,56,12,1,2,1,"."
1099,27,14,2,1,1,"2"
1100,44,14,1,1,1,"."
1101,36,15,1,2,1,"2"
1103,68,12,1,2,1,"."
1104,82,16,3,2,1,"2"
1105,66,12,1,2,1,"2"
1106,47,12,1,2,1,"1"
1107,44,16,3,2,2,"."
1108,50,15,2,1,2,"."
1109,49,13,1,1,1,"."
1110,55,12,1,1,1,"."
1111,33,13,1,2,1,"."
1112,32,14,1,1,1,"2"
1113,55,14,1,2,1,"."
1114,46,9,0,1,1,"."
1115,54,8,0,2,1,"1"
1118,34,12,1,2,1,"2"
1119,56,13,1,2,1,"."
1120,48,12,1,1,1,"."
1121,57,16,3,1,1,"."
1122,51,14,2,1,1,"."
1124,36,13,1,1,2,"1"
1125,74,16,2,1,1,"1"
1126,41,12,1,2,1,"2"
1127,46,11,1,2,1,"2"
1128,60,14,2,2,1,"2"
1130,58,12,1,2,1,"."
1132,78,12,1,2,1,"1"
1134,43,12,1,2,1,"."
1135,49,15,1,2,1,"2"
1136,31,14,1,2,1,"."
1137,54,13,1,1,1,"."
1138,79,11,0,2,1,"1"
1139,85,8,0,1,1,"3"
1140,37,15,2,2,1,"2"
1141,72,11,0,1,1,"."
1142,25,13,1,2,1,"."
1143,67,17,3,1,1,"."
1144,21,14,1,2,1,"."
1145,43,13,1,2,1,"3"
1146,27,17,4,2,1,"."
1147,36,12,0,1,1,"."
1148,35,16,3,2,1,"."
1149,89,12,1,2,1,"."
1150,62,9,0,1,1,"."
1151,81,13,1,2,1,"."
1152,80,12,1,1,1,"."
1153,53,18,4,2,1,"."
1154,52,14,2,1,1,"1"
1155,27,16,3,2,1,"."
1156,43,12,1,2,1,"2"
1157,38,14,1,1,1,"2"
1158,18,13,1,2,1,"3"
1159,36,14,1,1,1,"1"
1160,22,16,3,2,1,"."
1161,56,12,1,2,1,"2"
1162,74,12,1,1,1,"."
1163,38,13,1,2,1,"2"
1164,18,11,0,1,1,"2"
1165,62,12,1,1,1,"2"
1166,26,14,1,2,1,"2"
1167,47,15,2,2,1,"."
1168,29,13,1,2,1,"1"
1169,65,18,4,1,1,"."
1170,71,12,1,2,1,"1"
1171,81,8,0,2,1,"2"
1172,74,12,1,1,1,"."
1173,51,15,2,2,1,"."
1174,28,11,1,1,1,"."
1176,73,12,1,2,2,"."
1177,60,13,1,1,2,"."
1178,20,12,1,2,1,"1"
1180,57,12,1,2,1,"."
1181,38,12,1,2,1,"2"
1182,88,12,1,2,1,"2"
1184,57,16,2,2,1,"."
1185,32,16,3,1,1,"."
1186,33,18,4,2,1,"2"
1189,63,12,1,2,1,"."
1190,24,14,2,2,1,"2"
1191,46,12,1,2,1,"."
1192,34,11,0,2,1,"1"
1193,18,12,1,2,1,"."
1194,37,13,1,2,1,"."
1195,37,18,4,1,1,"."
1197,36,13,1,1,1,"2"
1198,33,14,1,2,1,"."
1199,46,13,0,1,1,"2"
1200,26,12,1,2,1,"1"
1202,34,14,2,2,1,"."
1203,37,14,1,1,1,"2"
1204,62,12,1,2,1,"."
1205,58,12,1,2,1,"."
1206,44,11,0,2,1,"1"
1209,34,20,4,2,1,"2"
1210,37,12,1,2,1,"1"
1211,50,17,3,1,1,"2"
1212,31,15,2,2,1,"2"
1214,40,14,2,1,1,"3"
1215,54,12,1,1,1,"3"
1216,40,12,1,1,1,"2"
1217,24,16,3,2,1,"."
1218,82,11,0,2,1,"2"
1221,36,14,1,2,1,"."
1223,40,10,1,2,3,"2"
1224,32,12,1,1,1,"."
1225,44,12,1,2,1,"."
1226,23,12,1,2,1,"1"
1227,27,17,3,2,1,"."
1228,55,12,1,2,1,"."
1229,18,12,1,2,1,"3"
1230,59,12,1,1,1,"."
1231,39,12,0,1,1,"3"
1233,81,12,1,1,1,"2"
1234,44,16,3,2,1,"."
1235,46,16,3,1,1,"."
1236,26,12,1,2,1,"1"
1237,20,13,1,2,1,"."
1239,78,2,0,2,3,"."
1240,40,10,0,2,1,"8"
1241,25,12,1,2,2,"."
1242,36,12,1,2,1,"1"
1244,41,16,3,2,1,"."
1245,45,12,1,1,1,"2"
1246,48,12,1,2,1,"."
1247,46,16,3,2,1,"."
1249,27,18,4,2,3,"2"
1250,83,8,0,2,1,"2"
1251,44,16,3,2,1,"1"
1252,32,16,3,2,1,"."
1253,22,12,1,1,1,"."
1254,40,18,4,1,1,"3"
1255,37,20,4,1,1,"2"
1256,36,18,4,1,1,"."
1257,28,12,1,2,1,"1"
1258,55,16,3,1,1,"."
1259,46,14,2,2,2,"."
1260,68,12,1,2,1,"1"
1261,31,15,1,2,1,"."
1262,78,17,3,1,1,"."
1263,56,16,3,1,1,"2"
1264,62,12,1,2,1,"."
1265,48,12,1,1,1,"2"
1266,80,11,0,2,1,"1"
1267,74,12,1,2,1,"2"
1268,38,12,1,2,1,"."
1269,58,12,1,2,1,"2"
1270,52,13,1,1,1,"2"
1272,60,16,3,2,1,"."
1273,38,13,1,2,1,"."
1274,43,12,1,2,2,"."
1275,70,9,0,2,1,"."
1276,46,12,1,2,1,"1"
1277,38,12,1,1,1,"."
1278,52,12,1,2,1,"."
1279,36,13,1,1,1,"2"
1280,40,19,3,1,1,"."
1281,25,14,2,2,1,"."
1282,52,12,1,1,1,"2"
1283,43,16,3,2,1,"."
1284,54,12,1,2,1,"2"
1285,54,11,0,1,1,"3"
1286,73,12,1,1,1,"."
1287,48,16,3,2,1,"2"
1288,60,14,1,2,1,"2"
1290,34,20,4,2,2,"3"
1291,30,14,1,1,1,"1"
1292,42,17,4,2,1,"."
1294,45,16,3,2,1,"."
1295,27,16,3,2,1,"2"
1296,70,14,1,1,2,"."
1298,34,14,2,2,2,"1"
1299,32,14,2,1,2,"."
1300,26,16,4,1,1,"."
1301,52,13,1,2,2,"1"
1302,79,12,1,2,1,"."
1303,31,12,1,1,1,"2"
1304,54,14,1,1,1,"2"
1306,72,13,1,1,1,"1"
1307,62,11,0,2,1,"."
1308,21,15,2,1,1,"."
1309,63,12,1,2,1,"2"
1310,23,11,0,2,1,"."
1311,36,16,3,1,1,"1"
1312,65,12,1,2,1,"."
1313,41,13,1,2,1,"."
1314,38,15,2,1,1,"1"
1315,21,15,1,2,1,"1"
1316,42,12,1,1,1,"."
1317,44,16,3,2,1,"2"
1319,34,15,2,2,1,"1"
1320,79,9,0,2,1,"1"
1321,35,20,4,1,1,"."
1325,20,9,1,2,1,"."
1326,48,12,1,2,1,"."
1327,47,13,1,2,1,"."
1328,72,12,1,1,1,"."
1329,21,16,1,2,1,"3"
1330,63,12,1,1,1,"1"
1331,67,12,1,2,1,"2"
1332,33,12,1,1,1,"."
1333,62,16,3,2,1,"."
1334,48,16,3,2,1,"2"
1335,41,16,3,2,1,"1"
1336,51,12,1,2,1,"."
1337,35,20,2,2,1,"."
1338,51,13,1,1,1,"."
1339,41,16,3,1,1,"."
1340,36,12,1,2,1,"2"
1341,55,16,3,1,1,"."
1342,18,11,0,1,1,"."
1343,48,13,1,2,1,"2"
1344,19,13,1,1,1,"."
1345,27,20,4,1,3,"."
1349,28,12,1,1,1,"1"
1350,71,16,3,2,1,"."
1351,42,12,1,2,2,"."
1352,67,12,1,2,1,"2"
1353,48,13,1,2,1,"."
1355,44,14,1,1,1,"2"
1356,43,12,0,1,1,"2"
1357,80,12,1,2,1,"2"
1358,78,12,1,2,1,"1"
1359,31,12,1,1,1,"."
1360,55,12,1,1,1,"2"
1361,42,12,1,1,1,"2"
1362,67,12,1,2,1,"."
1363,67,8,0,1,1,"."
1365,38,16,3,1,1,"."
1366,34,12,1,2,1,"1"
1367,47,16,3,1,1,"2"
1368,65,17,3,1,1,"1"
1369,52,15,1,1,1,"1"
1370,24,16,3,2,1,"."
1371,53,12,1,1,1,"1"
1372,27,12,1,2,1,"2"
1375,55,13,1,1,1,"2"
1376,45,16,3,2,1,"2"
1377,54,12,1,1,1,"."
1378,41,13,1,1,1,"3"
1379,24,16,3,1,1,"."
1380,33,16,3,2,1,"."
1381,27,13,1,1,1,"3"
1382,70,11,0,2,2,"."
1385,49,12,1,2,1,"."
1386,33,11,1,1,1,"."
1387,29,11,0,2,1,"."
1388,37,12,1,1,2,"."
1389,57,13,1,2,1,"2"
1391,20,14,1,2,1,"2"
1392,41,10,0,2,1,"1"
1394,72,12,1,2,1,"2"
1396,40,12,1,2,1,"3"
1397,20,13,1,1,1,"2"
1398,24,14,1,2,1,"."
1399,54,14,1,1,2,"."
1400,64,12,1,1,1,"3"
1402,46,16,3,2,1,"2"
1403,40,16,3,2,1,"."
1404,42,13,1,1,1,"1"
1405,45,19,4,2,1,"."
1406,28,16,3,2,1,"."
1407,75,12,1,2,1,"."
1408,64,20,4,2,1,"."
1409,31,16,3,2,1,"."
1410,35,15,2,2,2,"1"
1411,65,12,1,1,1,"2"
1412,66,12,1,1,1,"."
1413,30,16,3,1,1,"."
1414,89,12,1,2,1,"1"
1416,29,19,3,1,1,"."
1417,19,11,0,2,2,"."
1418,60,12,1,2,1,"."
1421,34,9,0,2,1,"."
1422,22,15,1,2,1,"2"
1424,23,12,1,2,1,"2"
1425,55,12,0,1,1,"."
1426,42,9,0,2,1,"1"
1427,78,12,1,1,1,"2"
1428,49,12,1,1,1,"."
1429,27,12,1,1,1,"."
1430,63,15,2,2,1,"."
1431,50,20,4,1,1,"."
1432,35,12,1,2,1,"."
1433,28,18,3,2,1,"3"
1434,70,12,1,1,1,"."
1435,67,14,3,2,1,"2"
1436,25,15,1,1,1,"2"
1437,43,12,1,2,1,"."
1438,30,16,3,1,1,"."
1439,65,11,1,2,1,"."
1440,50,16,3,2,1,"1"
1441,52,12,1,2,1,"."
1442,65,12,1,1,1,"."
1443,81,11,0,2,1,"."
1444,18,10,0,1,1,"."
1445,28,11,0,2,1,"."
1447,38,14,1,1,1,"2"
1448,28,12,1,2,1,"."
1449,77,12,1,1,1,"2"
1450,82,13,1,2,1,"2"
1451,23,16,1,1,1,"."
1452,24,16,3,2,1,"."
1453,72,15,1,2,1,"."
1454,19,13,1,2,1,"2"
1455,29,15,2,1,1,"2"
1457,61,11,0,1,1,"."
1459,20,13,1,2,1,"2"
1464,38,18,4,2,1,"."
1465,19,9,1,2,2,"."
1466,32,17,3,1,1,"."
1467,61,12,1,2,1,"1"
1468,54,17,2,2,2,"."
1469,66,17,4,1,2,"2"
1470,25,12,1,2,1,"."
1472,24,13,1,2,1,"3"
1473,30,14,2,2,2,"2"
1474,57,14,1,2,1,"2"
1475,23,16,1,2,1,"."
1476,74,12,1,1,2,"."
1477,39,9,0,1,1,"."
1478,57,16,3,2,1,"2"
1480,46,14,1,1,2,"."
1481,57,12,1,2,2,"."
1482,24,12,1,1,2,"1"
1483,34,15,1,2,2,"."
1484,40,12,1,2,2,"2"
1485,57,7,0,2,2,"1"
1487,38,12,1,2,2,"1"
1488,26,3,0,1,3,"1"
1489,68,17,4,1,1,"4"
1490,57,20,4,1,1,"3"
1491,52,16,3,1,1,"2"
1492,60,12,1,2,1,"."
1493,43,14,2,2,1,"."
1494,40,16,3,1,1,"."
1495,70,12,1,1,1,"."
1496,79,11,1,2,1,"."
1497,57,19,4,1,1,"3"
1498,37,12,1,2,1,"2"
1499,56,14,2,2,1,"2"
1500,48,13,0,1,1,"."
1501,73,16,3,1,1,"1"
1502,50,18,3,2,1,"2"
1503,56,20,4,1,1,"2"
1504,79,14,1,2,1,"2"
1505,21,12,1,2,1,"."
1506,60,16,3,1,1,"."
1507,21,12,1,2,1,"."
1508,44,18,4,1,1,"3"
1509,68,11,0,2,1,"."
1510,39,12,1,2,1,"."
1512,70,12,1,2,1,"2"
1513,34,12,1,2,1,"2"
1514,67,12,1,1,1,"2"
1515,52,12,1,1,1,"2"
1516,89,8,0,2,1,"."
1517,55,13,1,2,1,"."
1518,64,13,1,2,1,"."
1519,75,0,0,1,1,"3"
1520,59,12,1,2,1,"1"
1521,62,13,1,2,1,"2"
1522,47,20,3,1,1,"3"
1523,32,12,1,2,1,"."
1524,36,12,1,2,1,"."
1525,80,15,1,1,1,"."
1526,87,14,1,1,1,"."
1528,71,12,1,2,1,"."
1529,57,14,1,2,1,"."
1530,67,14,1,1,1,"1"
1531,21,14,1,2,1,"."
1532,35,13,1,2,1,"2"
1533,58,12,1,2,1,"2"
1534,35,13,1,1,1,"2"
1535,22,12,1,1,1,"2"
1536,59,13,1,1,1,"1"
1537,38,9,0,2,1,"."
1538,83,13,1,1,1,"1"
1539,25,14,2,1,2,"."
1541,73,10,1,2,3,"."
1542,44,9,0,1,1,"."
1543,59,14,1,1,1,"."
1544,53,16,3,1,1,"1"
1545,68,11,0,2,2,"1"
1546,31,11,1,2,2,"1"
1547,32,20,4,1,2,"."
1548,52,13,1,1,2,"."
1549,63,12,1,1,2,"1"
1551,47,11,0,1,2,"."
1552,79,8,0,2,2,"1"
1553,86,11,0,2,2,"."
1554,45,10,0,2,2,"."
1555,82,14,1,2,2,"1"
1556,29,15,1,2,2,"1"
1558,43,9,0,1,2,"."
1559,30,16,2,2,2,"."
1560,38,10,0,2,2,"1"
1561,50,8,0,1,2,"."
1562,75,20,4,1,1,"."
1563,44,16,3,2,1,"2"
1564,55,13,1,2,2,"1"
1565,36,14,2,2,2,"."
1567,26,13,1,2,2,"."
1568,39,14,1,1,1,"2"
1569,34,16,1,1,1,"."
1570,72,2,0,2,1,"2"
1571,50,20,4,1,1,"1"
1572,79,10,1,1,1,"2"
1574,50,14,2,2,1,"."
1575,20,11,1,1,1,"."
1576,40,12,1,2,2,"2"
1577,51,16,3,1,1,"3"
1578,26,12,1,2,2,"."
1579,29,20,4,2,2,"2"
1580,29,15,2,2,1,"3"
1581,51,12,1,1,1,"."
1583,64,12,1,2,1,"."
1584,58,17,3,1,1,"3"
1585,26,16,3,2,3,"."
1586,50,11,0,1,1,"2"
1587,81,11,0,2,1,"."
1588,83,14,1,1,1,"."
1589,65,5,0,2,1,"2"
1590,25,12,1,2,1,"."
1591,45,14,1,2,1,"."
1592,48,14,1,1,1,"."
1593,28,12,0,2,1,"3"
1594,31,20,4,2,1,"2"
1595,27,13,1,2,2,"2"
1596,23,15,0,2,2,"."
1597,71,14,1,2,2,"."
1598,51,18,3,2,2,"1"
1599,57,12,0,1,2,"1"
1600,50,16,1,2,2,"."
1602,47,14,0,1,2,"."
1603,52,13,1,1,3,"1"
1604,30,12,1,1,3,"1"
1605,37,16,3,2,2,"1"
1606,47,14,1,1,2,"."
1607,18,17,3,2,3,"2"
1608,36,15,1,2,1,"2"
1609,69,17,4,1,1,"2"
1610,39,17,3,1,1,"3"
1611,67,16,4,2,1,"."
1612,77,16,3,1,1,"."
1613,60,16,3,2,1,"2"
1614,66,16,3,1,1,"9"
1615,31,20,4,1,3,"2"
1617,38,16,4,1,1,"."
1619,40,3,0,1,1,"1"
1620,59,14,1,1,1,"2"
1621,25,19,3,2,1,"3"
1622,28,13,1,2,2,"2"
1624,67,12,1,2,1,"1"
1625,44,14,1,1,1,"2"
1626,59,14,2,1,1,"2"
1627,62,19,3,2,1,"."
1628,49,9,0,1,2,"."
1629,27,19,4,2,1,"2"
1630,58,17,3,1,1,"."
1631,83,11,1,2,1,"1"
1632,27,12,1,1,1,"."
1633,35,16,3,2,2,"."
1634,53,12,1,2,3,"."
1635,78,12,1,2,1,"."
1636,68,20,4,2,1,"2"
1637,58,20,4,2,1,"."
1638,36,18,3,1,1,"3"
1639,45,20,4,1,1,"."
1640,43,20,4,1,2,"."
1641,42,17,3,2,1,"."
1642,85,18,4,2,1,"2"
1643,81,16,3,2,1,"2"
1644,51,18,4,2,1,"3"
1645,40,15,2,2,3,"."
1647,39,13,1,2,2,"1"
1648,26,15,1,2,1,"2"
1649,28,18,4,2,1,"2"
1650,21,13,1,2,1,"."
1651,44,19,4,1,2,"."
1652,38,12,1,2,2,"1"
1653,30,16,3,2,1,"3"
1654,28,18,4,2,1,"."
1655,76,11,1,1,1,"2"
1656,75,14,1,2,1,"."
1658,53,12,1,2,2,"1"
1659,31,20,3,2,1,"3"
1660,40,11,1,1,2,"."
1661,48,14,1,2,1,"."
1662,21,14,1,1,1,"2"
1663,28,16,3,2,1,"."
1664,28,15,2,2,1,"."
1665,56,13,1,2,1,"."
1666,51,16,3,1,1,"."
1667,63,16,3,2,1,"."
1668,51,19,4,2,1,"3"
1669,45,11,0,2,1,"3"
1671,28,16,3,1,1,"2"
1672,27,15,1,2,1,"."
1674,38,17,3,2,2,"2"
1675,39,14,1,2,3,"."
1676,49,12,1,1,1,"3"
1677,68,20,4,1,2,"3"
1678,61,12,1,1,1,"2"
1679,49,15,1,2,1,"2"
1680,43,14,2,1,1,"."
1681,31,18,3,2,1,"1"
1682,50,16,3,2,1,"."
1683,35,12,1,2,1,"2"
1685,76,12,1,1,1,"."
1686,49,20,4,2,1,"."
1687,31,13,1,1,1,"."
1688,51,12,1,1,1,"."
1689,23,16,1,1,2,"."
1690,19,11,0,1,3,"1"
1693,29,16,3,2,1,"1"
1694,27,17,3,1,1,"."
1695,30,16,3,2,1,"."
1697,36,16,3,2,3,"1"
1698,55,14,2,2,1,"."
1700,40,10,1,2,1,"."
1701,44,13,1,2,2,"1"
1702,26,12,1,1,2,"1"
1703,49,15,1,2,1,"."
1704,21,15,2,1,1,"2"
1705,38,16,3,2,1,"."
1706,33,12,1,2,1,"."
1707,60,11,0,2,1,"."
1708,33,12,1,2,1,"."
1709,49,14,2,1,1,"2"
1710,50,12,1,1,2,"2"
1711,48,10,0,1,2,"."
1712,62,12,1,1,1,"2"
1713,41,12,1,1,1,"1"
1714,22,11,0,1,3,"1"
1715,34,11,0,1,1,"2"
1716,36,15,1,2,1,"."
1717,36,12,1,2,1,"."
1719,47,14,2,2,1,"."
1720,46,15,2,2,1,"1"
1721,62,6,0,1,1,"3"
1723,38,12,1,1,1,"2"
1725,27,11,1,2,1,"."
1726,62,9,1,2,1,"."
1727,59,12,1,1,1,"1"
1728,61,14,2,2,1,"1"
1729,66,14,2,1,1,"2"
1730,41,12,1,1,1,"1"
1731,52,12,0,1,1,"."
1733,61,8,0,2,1,"."
1735,22,12,1,1,3,"3"
1736,43,6,0,2,1,"1"
1737,23,12,1,2,1,"1"
1739,35,14,1,2,1,"."
1740,24,12,1,2,1,"2"
1741,31,18,3,1,1,"8"
1742,29,12,1,1,1,"."
1743,46,14,1,1,1,"2"
1744,37,18,3,1,1,"1"
1745,57,17,4,2,1,"."
1746,39,15,2,1,1,"1"
1748,23,12,1,1,2,"."
1749,53,19,4,1,1,"1"
1750,43,17,3,1,1,"1"
1751,68,14,1,2,1,"."
1752,40,17,4,1,1,"2"
1753,43,11,0,1,3,"."
1754,32,17,4,1,1,"1"
1755,76,9,0,1,2,"1"
1756,74,12,1,2,1,"."
1757,59,5,0,1,1,"."
1758,56,12,1,2,1,"."
1759,59,8,0,2,1,"2"
1760,51,12,1,1,1,"."
1761,67,16,3,1,1,"3"
1762,41,12,1,1,1,"1"
1763,31,17,3,1,1,"8"
1764,82,12,1,2,1,"1"
1765,46,12,1,2,1,"."
1766,59,16,3,1,1,"."
1767,36,14,1,1,1,"."
1768,40,14,1,1,1,"2"
1770,24,12,1,2,1,"."
1771,27,15,1,2,1,"."
1772,34,18,4,1,1,"."
1775,30,16,3,2,1,"."
1777,50,9,0,2,2,"."
1779,19,13,1,2,1,"2"
1780,56,18,4,1,2,"2"
1781,57,16,3,2,1,"."
1782,35,20,4,1,1,"3"
1785,37,16,3,1,1,"."
1786,47,10,0,2,1,"1"
1787,31,11,0,2,2,"1"
1788,79,12,1,2,1,"."
1789,55,16,3,1,1,"2"
1790,63,13,1,1,1,"."
1791,39,16,3,2,2,"1"
1793,32,16,3,2,1,"."
1794,20,14,1,2,1,"2"
1795,30,15,1,1,1,"."
1796,23,17,2,1,1,"."
1797,18,12,1,1,2,"2"
1798,30,16,3,1,2,"."
1799,42,12,1,2,2,"."
1800,47,12,1,2,2,"."
1801,56,13,0,2,2,"."
1802,36,14,2,2,2,"1"
1803,82,7,0,2,2,"1"
1804,52,12,1,1,2,"."
1805,43,14,2,1,2,"1"
1806,57,12,1,2,1,"3"
1807,53,14,1,2,1,"."
1808,66,15,1,2,1,"."
1809,31,11,0,2,1,"1"
1810,56,11,0,1,1,"2"
1811,48,12,1,2,1,"."
1812,55,12,1,2,1,"."
1813,72,12,1,2,1,"."
1814,21,15,1,1,1,"."
1815,30,14,2,2,1,"1"
1816,30,19,3,2,1,"1"
1817,57,12,1,2,1,"."
1818,28,14,1,1,1,"2"
1819,67,16,4,2,1,"2"
1821,48,12,1,1,1,"2"
1822,49,13,1,2,1,"2"
1823,64,18,4,1,1,"."
1824,42,12,1,2,1,"."
1825,37,12,1,1,1,"1"
1826,36,14,1,2,1,"."
1827,61,12,1,1,1,"."
1828,27,11,1,1,1,"1"
1829,35,13,1,2,1,"1"
1830,72,17,3,1,1,"2"
1831,40,17,3,2,1,"1"
1832,29,20,4,1,1,"."
1833,20,13,1,1,1,"."
1834,30,16,1,1,1,"."
1835,99,99,0,2,1,"3"
1836,41,16,2,2,1,"2"
1837,63,13,1,2,1,"."
1839,70,14,1,1,1,"."
1840,75,16,3,1,1,"."
1841,41,17,4,1,1,"3"
1842,76,15,3,1,1,"2"
1843,47,14,2,1,1,"."
1844,44,12,1,2,1,"."
1845,61,15,1,1,1,"2"
1846,58,13,1,2,1,"."
1847,32,14,1,2,1,"."
1848,48,20,4,1,1,"."
1849,26,12,1,2,1,"."
1850,23,11,0,2,3,"."
1851,36,14,1,1,1,"."
1853,27,12,1,2,1,"1"
1854,58,12,1,1,1,"2"
1855,49,13,1,1,1,"."
1856,23,12,1,1,1,"."
1857,75,15,1,2,1,"."
1858,67,16,3,1,1,"2"
1859,71,12,1,2,1,"."
1862,79,18,3,2,1,"2"
1864,48,8,0,1,1,"."
1865,40,16,3,2,1,"."
1866,39,18,4,2,1,"2"
1868,77,18,4,2,1,"3"
1869,28,16,3,1,1,"."
1870,20,16,2,2,1,"1"
1871,51,14,2,2,1,"."
1872,39,12,1,2,1,"1"
1873,52,13,1,2,1,"3"
1874,45,14,2,1,1,"."
1875,30,13,1,1,1,"."
1876,51,15,1,1,1,"2"
1877,71,15,1,2,1,"."
1878,44,20,4,1,3,"."
1880,41,19,1,1,1,"3"
1881,47,19,4,2,1,"."
1882,86,12,1,2,1,"."
1884,82,12,1,1,1,"."
1885,72,14,2,1,1,"3"
1886,49,18,4,1,1,"."
1887,78,12,1,2,1,"2"
1888,85,14,1,2,1,"2"
1889,82,12,1,2,1,"1"
1890,46,16,2,2,1,"."
1892,24,18,4,1,1,"."
1893,56,13,1,2,1,"1"
1894,58,20,4,2,1,"."
1895,48,12,1,1,1,"2"
1897,64,14,1,1,1,"."
1898,52,12,1,1,1,"1"
1899,71,12,1,2,1,"1"
1900,50,12,1,2,1,"2"
1902,48,18,4,2,1,"."
1903,61,14,1,1,1,"."
1905,49,20,4,2,1,"."
1906,89,17,3,2,1,"."
1909,44,15,1,2,1,"1"
1910,29,16,3,2,1,"."
1911,39,12,1,1,1,"."
1912,28,15,2,2,1,"."
1913,47,18,4,1,1,"2"
1914,43,16,3,2,1,"3"
1915,34,16,3,2,1,"2"
1916,38,16,3,2,1,"2"
1917,31,14,1,2,1,"2"
1918,52,16,3,1,1,"3"
1919,39,11,1,1,1,"2"
1921,67,13,1,2,1,"."
1922,47,14,2,2,1,"1"
1923,56,20,4,2,1,"2"
1924,63,12,1,2,1,"2"
1925,39,12,1,2,1,"."
1926,43,18,3,1,1,"."
1927,63,17,3,2,1,"2"
1928,34,12,1,1,1,"."
1931,57,14,1,1,1,"1"
1933,20,14,1,2,1,"3"
1934,46,13,1,2,2,"."
1935,44,12,1,2,2,"1"
1936,26,13,1,2,1,"."
1937,75,18,4,1,1,"."
1938,40,12,0,1,3,"1"
1939,33,11,0,1,1,"1"
1940,31,12,1,1,1,"."
1941,31,9,0,1,3,"8"
1942,75,12,1,1,1,"1"
1943,25,17,1,2,1,"1"
1944,59,19,4,2,1,"2"
1945,21,12,1,2,1,"."
1946,55,6,0,2,1,"1"
1947,28,16,3,2,2,"2"
1948,57,11,0,2,1,"1"
1949,66,13,1,2,1,"."
1950,61,16,3,1,3,"2"
1951,55,12,1,1,1,"2"
1953,33,12,1,1,1,"1"
1954,41,14,1,2,1,"2"
1955,85,10,0,1,1,"."
1956,51,14,2,1,1,"."
1957,21,13,1,2,1,"."
1958,76,14,1,2,1,"."
1959,50,13,1,2,1,"1"
1960,70,11,0,2,1,"."
1961,36,12,1,1,1,"."
1963,44,2,0,1,3,"1"
1964,50,14,1,2,1,"2"
1965,83,13,1,2,1,"."
1966,46,12,1,1,3,"2"
1967,34,13,1,2,3,"."
1968,74,13,2,2,3,"2"
1969,43,16,3,1,3,"."
1970,24,11,1,2,3,"."
1971,67,16,3,1,1,"3"
1972,40,14,1,2,3,"."
1974,27,17,3,1,3,"2"
1975,76,10,0,2,3,"."
1976,75,12,1,2,3,"."
1978,45,18,4,2,1,"."
1979,51,16,3,2,3,"."
1980,49,15,1,1,3,"2"
1981,41,12,1,1,3,"1"
1982,40,14,2,2,1,"."
1983,58,14,1,2,1,"3"
1984,40,14,1,2,1,"2"
1985,56,0,0,2,1,"."
1986,54,12,1,1,1,"."
1987,24,16,3,1,1,"2"
1988,80,7,0,1,1,"."
1989,40,12,1,2,1,"."
1990,60,12,1,1,1,"."
1991,83,16,3,2,1,"."
1992,65,16,3,2,3,"3"
1993,54,16,3,1,1,"2"
1994,58,12,1,2,1,"4"
1995,45,16,4,2,1,"2"
1996,30,15,1,2,1,"1"
1997,44,16,3,1,1,"."
1998,43,13,1,1,1,"."
1999,69,18,4,1,1,"."
2000,61,16,3,1,1,"3"
2001,26,12,1,2,1,"."
2002,37,13,1,1,1,"3"
2003,18,12,1,1,1,"."
2004,23,11,1,1,1,"."
2005,58,20,4,1,1,"2"
2006,35,16,3,1,1,"2"
2007,50,20,4,1,1,"3"
2008,26,12,1,1,1,"."
2009,51,18,4,2,1,"3"
2010,78,12,1,2,1,"1"
2011,28,8,0,2,1,"2"
2012,42,17,3,2,1,"."
2013,43,12,1,1,1,"2"
2014,79,12,1,2,1,"1"
2015,89,12,1,2,1,"."
2016,76,12,1,2,1,"3"
2017,43,18,4,2,1,"3"
2018,88,16,3,2,1,"2"
2019,24,12,1,2,1,"2"
2020,65,15,2,2,1,"."
2021,47,19,4,2,1,"."
2022,51,12,1,1,1,"3"
2023,47,15,1,2,1,"2"
2024,66,18,4,2,1,"."
2025,58,20,4,1,1,"."
2026,42,14,2,2,1,"1"
2027,69,12,1,2,1,"1"
2028,63,12,1,2,1,"."
2029,40,12,1,1,1,"."
2030,52,14,2,1,1,"2"
2031,46,12,1,1,1,"."
2032,54,12,1,2,1,"."
2033,47,16,3,1,1,"."
2034,37,19,4,1,1,"2"
2035,44,20,4,1,1,"2"
2036,32,13,1,2,1,"."
2037,28,18,4,1,1,"."
2038,37,17,3,2,1,"2"
2040,22,15,1,1,1,"2"
2041,32,16,3,2,1,"1"
2042,50,14,2,1,1,"."
2043,29,12,1,2,1,"2"
2044,45,16,3,2,1,"2"
2045,26,16,3,1,1,"."
2046,25,15,1,2,2,"."
2047,26,13,1,2,1,"."
2048,23,16,3,2,3,"1"
2049,49,20,4,2,1,"2"
2050,23,16,3,2,1,"."
2051,75,12,1,1,1,"."
2052,33,20,4,1,1,"."
2053,75,19,3,2,1,"3"
2054,24,11,0,2,1,"3"
2055,38,12,1,1,1,"4"
2056,27,14,1,2,2,"."
2057,26,13,1,2,1,"."
2058,26,15,1,1,1,"."
2059,25,14,1,1,1,"1"
2060,48,18,4,2,1,"3"
2061,47,14,1,1,1,"."
2063,48,10,0,1,1,"."
2064,60,14,1,2,1,"2"
2065,83,12,1,1,1,"2"
2066,65,20,4,1,1,"."
2067,44,14,2,2,1,"2"
2068,71,18,4,2,1,"2"
2069,40,14,1,2,1,"."
2070,23,12,1,2,1,"2"
2073,50,12,1,1,1,"4"
2074,26,12,1,1,1,"2"
2075,50,11,0,1,1,"."
2076,35,12,1,2,1,"1"
2077,39,14,2,2,1,"2"
2078,53,14,1,2,1,"3"
2080,68,15,1,1,1,"."
2081,36,13,1,1,3,"2"
2082,49,11,0,1,1,"3"
2083,52,6,0,1,3,"."
2084,42,11,0,2,1,"."
2085,64,14,1,1,1,"1"
2086,34,14,0,1,1,"2"
2087,43,14,1,1,1,"."
2088,55,12,1,2,1,"."
2089,19,14,1,1,1,"."
2090,27,16,3,2,1,"."
2091,67,13,1,1,1,"4"
2092,47,17,3,1,1,"3"
2093,74,12,1,1,1,"3"
2094,35,16,3,1,1,"3"
2095,45,14,1,1,1,"."
2096,41,14,2,2,1,"."
2097,46,16,3,2,1,"2"
2098,31,12,1,1,1,"2"
2099,51,19,4,1,1,"2"
2100,56,10,1,1,1,"2"
2101,46,15,1,2,1,"."
2102,49,12,1,1,1,"."
2103,38,12,1,2,1,"2"
2104,32,16,3,2,1,"."
2105,46,12,1,1,1,"."
2106,35,16,3,2,1,"."
2107,26,14,1,2,1,"2"
2108,59,8,0,1,1,"2"
2109,57,12,1,1,1,"3"
2110,45,12,1,2,1,"2"
2112,61,12,1,1,1,"1"
2113,30,15,2,2,1,"2"
2114,29,13,1,2,1,"."
2116,89,8,0,2,1,"."
2117,62,13,1,2,1,"1"
2118,70,12,1,1,1,"."
2119,60,12,1,2,1,"."
2120,60,12,1,2,1,"."
2121,59,12,1,2,1,"2"
2122,85,8,0,1,1,"."
2123,88,19,4,1,1,"1"
2124,63,12,1,1,1,"."
2125,34,12,1,2,1,"."
2126,56,12,1,2,1,"."
2128,22,12,1,1,1,"3"
2130,53,12,1,1,1,"."
2131,32,14,2,1,1,"2"
2132,84,10,1,1,1,"2"
2133,46,12,1,2,1,"2"
2134,34,12,1,1,1,"2"
2135,41,16,3,1,2,"2"
2136,43,14,2,2,1,"1"
2137,52,16,3,1,1,"1"
2138,45,12,1,2,1,"."
2139,70,12,1,1,1,"."
2140,51,18,4,1,1,"2"
2141,59,13,1,1,1,"."
2142,82,18,4,2,1,"."
2143,49,13,1,2,1,"2"
2145,53,13,2,2,1,"2"
2146,28,13,1,1,1,"1"
2147,61,10,0,1,1,"."
2148,55,13,1,1,1,"1"
2149,62,10,0,1,1,"."
2150,59,16,2,2,1,"."
2152,32,13,1,1,1,"."
2153,26,13,1,2,1,"2"
2154,49,12,1,2,1,"."
2155,30,12,1,1,1,"2"
2157,78,10,1,1,1,"3"
2158,82,12,1,1,1,"."
2159,22,11,0,1,1,"."
2160,43,12,1,1,1,"2"
2161,50,14,1,2,1,"."
2163,67,12,1,2,1,"."
2164,87,12,1,2,1,"1"
2165,77,10,0,2,1,"3"
2166,79,12,1,2,1,"1"
2167,20,11,0,2,3,"2"
2168,36,12,1,2,1,"."
2169,20,12,1,2,1,"1"
2170,51,12,1,2,1,"2"
2171,59,8,0,2,1,"."
2172,79,8,0,1,1,"."
2173,84,13,1,2,1,"."
2174,55,15,2,2,1,"."
2175,45,11,0,1,1,"1"
2176,50,10,0,2,3,"1"
2177,61,8,0,1,1,"1"
2178,48,12,1,2,1,"1"
2179,58,12,1,2,3,"."
2180,34,12,1,1,1,"2"
2181,78,8,0,1,1,"."
2182,18,12,1,2,1,"."
2183,38,16,3,1,1,"."
2184,79,12,1,1,1,"2"
2185,71,12,1,2,1,"2"
2186,59,13,1,1,1,"."
2187,43,13,1,2,1,"1"
2188,80,13,1,2,1,"."
2191,46,13,1,2,1,"1"
2192,42,13,1,2,1,"2"
2193,24,12,1,1,1,"."
2194,31,12,1,2,1,"."
2195,52,12,1,1,1,"."
2196,66,12,1,2,1,"2"
2197,42,16,3,1,1,"."
2198,33,12,1,2,1,"1"
2199,60,17,4,2,1,"1"
2200,54,10,0,1,1,"."
2201,37,13,1,2,1,"2"
2202,50,17,3,2,1,"."
2203,35,9,0,2,1,"."
2204,35,16,3,1,1,"."
2205,65,8,0,2,1,"1"
2206,66,12,1,1,1,"1"
2207,68,8,0,2,1,"1"
2209,70,16,1,1,1,"."
2210,70,9,0,2,1,"."
2211,39,16,3,2,1,"."
2212,83,13,1,1,1,"."
2213,54,11,0,1,1,"."
2214,79,11,0,2,1,"1"
2215,44,12,1,1,1,"1"
2216,34,12,1,1,1,"1"
2217,25,13,1,2,1,"."
2218,30,17,1,2,1,"2"
2219,36,12,1,2,1,"1"
2220,55,9,0,2,1,"."
2222,22,12,0,1,1,"1"
2223,59,12,1,1,1,"."
2224,54,12,1,2,1,"."
2225,52,12,1,1,1,"1"
2226,74,12,1,2,1,"."
2227,43,6,0,1,1,"."
2228,62,12,1,2,1,"."
2230,40,11,0,2,1,"1"
2231,18,12,1,1,1,"."
2233,58,16,3,2,1,"."
2235,51,11,0,2,1,"1"
2236,54,12,1,1,1,"."
2239,30,12,1,2,1,"."
2240,60,12,1,1,1,"."
2244,26,14,2,2,1,"1"
2245,89,11,0,2,1,"1"
2247,39,12,1,2,1,"2"
2249,52,12,1,1,1,"1"
2250,29,17,3,2,1,"1"
2252,75,20,1,2,1,"."
2253,62,8,0,1,1,"3"
2254,63,12,1,1,1,"1"
2255,59,12,1,2,1,"3"
2256,62,12,1,2,1,"."
2258,70,7,0,2,1,"2"
2260,52,15,1,2,1,"."
2261,71,4,0,2,1,"."
2262,30,11,0,2,1,"2"
2263,65,7,0,1,1,"."
2264,61,14,2,1,1,"2"
2265,52,12,1,2,1,"."
2266,45,12,1,2,1,"1"
2267,61,9,0,1,1,"."
2268,57,10,0,2,1,"."
2269,44,15,1,2,1,"."
2270,30,13,1,2,1,"1"
2271,25,14,2,2,1,"."
2272,37,12,1,1,1,"."
2273,55,16,3,1,1,"3"
2274,65,12,1,2,1,"1"
2275,48,12,1,2,1,"."
2277,47,18,4,2,1,"."
2278,32,12,1,2,1,"."
2279,19,12,1,2,1,"."
2280,25,12,1,2,1,"2"
2281,51,16,3,2,1,"2"
2282,29,16,3,2,1,"2"
2284,67,14,2,1,1,"."
2285,66,12,1,2,1,"."
2286,40,12,1,2,1,"."
2287,68,16,3,1,1,"1"
2288,75,11,1,2,1,"1"
2289,24,10,0,1,1,"1"
2290,40,14,1,2,2,"."
2291,28,15,2,2,1,"."
2293,28,14,2,2,2,"2"
2294,78,9,0,1,1,"1"
2295,37,20,4,2,1,"."
2296,46,13,1,2,1,"."
2297,48,14,1,2,1,"4"
2298,55,10,0,1,1,"."
2299,75,2,0,2,1,"."
2301,46,12,1,2,1,"1"
2302,33,18,4,1,1,"."
2303,35,17,3,2,1,"."
2304,36,14,1,2,1,"1"
2305,56,13,1,1,1,"1"
2306,60,19,4,1,1,"."
2307,29,14,2,1,1,"2"
2308,27,11,0,2,1,"1"
2309,48,16,3,2,1,"1"
2310,53,16,3,1,1,"."
2312,50,12,1,1,1,"."
2313,45,9,0,2,1,"."
2317,52,11,1,2,1,"1"
2318,58,12,1,2,1,"2"
2319,47,12,1,2,1,"."
2320,25,13,1,1,2,"."
2321,51,11,1,2,2,"1"
2322,40,12,1,1,1,"2"
2323,73,8,0,2,1,"."
2324,54,19,4,1,1,"1"
2326,28,16,3,1,1,"."
2327,41,12,1,1,1,"."
2328,44,13,1,2,1,"2"
2329,32,12,1,2,1,"1"
2330,75,16,3,1,1,"2"
2331,61,14,1,1,1,"."
2332,57,12,1,2,1,"."
2333,51,13,1,1,1,"1"
2334,47,14,1,2,1,"."
2335,44,14,2,1,1,"."
2336,46,14,2,2,1,"2"
2337,68,13,1,2,1,"1"
2338,21,14,2,1,1,"."
2339,51,16,4,1,1,"."
2340,83,8,0,2,1,"1"
2342,41,12,1,2,1,"."
2343,48,12,1,2,1,"."
2344,69,20,4,2,1,"."
2345,89,12,1,1,1,"2"
2346,60,12,1,2,1,"."
2347,56,9,0,2,1,"2"
2348,56,17,4,2,1,"."
2350,86,2,0,2,1,"1"
2351,28,11,0,1,1,"1"
2352,33,11,0,2,1,"."
2353,58,12,1,2,1,"2"
2355,65,8,0,2,1,"."
2356,18,11,0,2,1,"."
2357,63,11,0,1,1,"1"
2358,40,8,0,2,1,"1"
2359,54,8,0,2,1,"."
2360,64,16,3,1,1,"2"
2361,38,7,0,1,3,"."
2363,67,7,0,2,1,"1"
2364,45,12,1,2,1,"."
2365,71,12,1,2,1,"."
2366,49,16,2,2,1,"2"
2367,53,20,4,1,1,"1"
2368,52,16,3,1,1,"1"
2369,42,16,3,2,1,"."
2370,30,16,2,1,1,"3"
2371,30,16,3,2,1,"."
2372,42,18,4,1,1,"2"
2373,63,12,1,1,1,"1"
2374,59,12,1,2,1,"."
2375,43,16,1,1,1,"."
2376,40,15,1,1,1,"."
2377,56,14,1,2,1,"2"
2378,48,14,2,2,2,"."
2379,51,12,1,2,1,"."
2380,61,13,1,1,1,"1"
2381,65,16,3,2,1,"2"
2382,25,13,1,2,1,"."
2383,32,15,1,2,2,"1"
2384,28,11,1,2,1,"."
2385,60,12,1,1,1,"."
2386,74,12,1,1,1,"."
2387,56,12,1,1,1,"1"
2388,65,9,0,1,1,"1"
2389,79,14,2,2,1,"1"
2390,69,12,1,2,1,"1"
2391,71,12,1,1,1,"1"
2392,86,12,1,2,1,"."
2393,25,12,1,1,1,"."
2394,19,13,1,2,1,"1"
2395,30,13,1,1,1,"2"
2396,49,12,1,1,1,"1"
2397,56,13,1,2,1,"."
2398,43,16,3,2,1,"."
2399,67,12,1,2,2,"1"
2400,31,13,1,2,2,"."
2401,62,7,0,2,2,"1"
2402,60,12,1,1,2,"."
2404,68,12,1,1,2,"1"
2405,46,13,1,2,2,"1"
2407,40,16,3,1,1,"."
2408,33,14,2,2,1,"2"
2409,69,16,3,1,1,"."
2410,83,9,0,1,1,"."
2411,33,14,1,1,1,"1"
2413,41,8,0,2,1,"."
2414,62,7,0,1,1,"1"
2415,42,13,1,2,1,"."
2416,18,11,0,1,1,"2"
2417,32,12,1,2,2,"."
2418,22,14,1,2,2,"."
2419,44,14,2,2,2,"1"
2422,73,8,0,2,1,"1"
2424,54,12,1,2,1,"."
2425,53,14,1,2,1,"1"
2426,82,11,1,1,1,"3"
2427,60,15,2,1,1,"."
2428,51,14,2,1,1,"2"
2429,79,15,1,2,1,"1"
2430,33,16,3,2,1,"1"
2431,49,12,1,2,2,"."
2434,77,11,1,2,2,"1"
2435,46,15,1,2,2,"."
2436,62,14,0,2,2,"1"
2437,42,13,1,1,2,"."
2438,54,10,0,2,2,"1"
2439,35,14,1,2,2,"."
2441,56,6,0,1,2,"."
2442,28,12,1,2,2,"."
2443,28,20,4,2,2,"."
2444,35,14,1,2,1,"."
2446,26,15,1,1,2,"1"
2448,67,16,1,2,1,"2"
2451,47,9,0,2,1,"."
2452,48,13,1,2,2,"."
2453,20,16,1,2,1,"1"
2454,65,18,4,1,1,"."
2455,56,16,3,2,1,"."
2456,25,16,3,1,1,"2"
2457,35,14,1,1,2,"."
2458,33,11,0,2,2,"."
2459,34,12,1,2,2,"1"
2461,49,19,4,2,2,"."
2463,50,20,1,2,1,"."
2464,30,12,1,2,1,"1"
2465,63,12,1,2,1,"2"
2466,33,14,1,2,1,"."
2467,64,14,1,1,1,"."
2468,47,16,3,2,1,"1"
2469,27,16,3,1,1,"2"
2470,26,14,1,2,1,"."
2471,56,12,1,1,1,"1"
2472,43,11,1,2,1,"1"
2473,39,10,1,2,1,"1"
2474,65,16,2,1,1,"4"
2475,18,8,0,1,3,"."
2476,50,14,1,1,1,"2"
2477,64,10,0,2,2,"."
2478,50,12,1,1,2,"."
2479,37,11,0,1,2,"."
2480,26,12,0,1,1,"1"
2481,52,12,1,2,2,"."
2482,36,13,1,2,1,"1"
2483,24,12,1,2,2,"."
2484,53,12,1,2,1,"1"
2485,36,16,3,2,1,"2"
2486,39,12,0,2,1,"."
2487,60,13,1,2,1,"."
2488,71,10,0,1,1,"1"
2489,71,9,0,2,1,"1"
2490,47,15,2,2,1,"."
2491,71,9,0,2,1,"."
2492,84,11,1,1,1,"3"
2493,88,9,0,1,1,"."
2494,37,12,1,2,2,"1"
2495,47,14,2,2,2,"1"
2496,54,13,1,1,2,"1"
2497,37,14,1,1,1,"."
2498,61,12,1,2,2,"."
2499,69,12,1,2,2,"."
2500,65,12,1,1,2,"."
2501,37,12,1,2,2,"3"
2502,65,12,0,2,2,"3"
2503,21,11,1,1,1,"."
2504,43,11,0,1,1,"1"
2506,58,6,0,1,1,"."
2507,71,12,1,2,3,"1"
2508,25,13,1,2,1,"2"
2509,48,19,4,1,1,"."
2510,84,13,1,1,1,"."
2511,55,14,2,2,1,"."
2512,46,16,3,2,1,"."
2513,75,11,0,2,1,"1"
2515,43,9,0,2,1,"."
2516,22,14,1,2,1,"2"
2517,25,12,1,1,1,"."
2519,48,12,1,2,1,"2"
2521,68,12,1,2,3,"2"
2522,25,13,1,2,1,"."
2523,30,15,1,2,1,"2"
2524,31,14,2,2,1,"."
2525,29,12,0,2,3,"1"
2526,43,12,1,1,1,"2"
2527,50,14,2,1,1,"2"
2529,41,12,1,1,1,"."
2530,54,20,4,2,1,"2"
2532,44,12,1,2,1,"1"
2534,52,12,1,2,1,"1"
2536,75,6,0,2,1,"."
2537,27,12,1,1,1,"."
2539,37,10,0,1,1,"."
2540,61,10,0,2,1,"1"
2541,66,15,1,2,2,"1"
2542,42,12,1,2,1,"2"
2543,53,11,0,1,2,"."
2544,19,11,0,1,1,"."
2545,60,15,2,2,1,"1"
2546,45,15,1,1,1,"1"
2547,51,12,1,1,1,"."
2548,46,12,1,2,1,"."
2549,56,14,2,2,1,"."
2550,33,11,1,1,1,"3"
2551,40,12,1,2,1,"."
2552,69,12,1,2,1,"2"
2553,35,12,1,1,1,"."
2554,53,12,1,2,1,"2"
2555,47,12,1,2,1,"."
2556,63,14,1,2,1,"."
2558,75,12,1,2,1,"."
2559,49,16,3,2,1,"."
2560,56,8,0,2,1,"1"
2561,44,11,0,2,1,"2"
2562,53,12,1,2,1,"1"
2563,73,10,0,1,2,"."
2564,57,12,1,2,1,"."
2565,72,11,0,2,1,"."
2567,36,12,1,1,2,"2"
2568,26,12,1,2,1,"."
2569,51,12,1,2,1,"1"
2571,39,12,1,2,2,"1"
2572,76,18,3,2,2,"."
2573,53,14,2,1,2,"1"
2575,49,12,1,1,1,"1"
2576,53,18,4,2,1,"."
2577,61,12,1,1,2,"1"
2579,69,8,0,1,1,"."
2580,42,14,1,1,1,"1"
2581,74,8,0,1,1,"."
2584,28,12,1,1,1,"1"
2585,52,12,1,1,1,"."
2586,66,12,1,1,1,"1"
2587,77,16,1,2,1,"2"
2588,52,15,2,1,1,"."
2589,72,14,1,1,1,"."
2591,49,15,1,1,1,"2"
2592,58,17,4,2,1,"2"
2593,19,11,0,2,1,"."
2594,79,16,3,2,1,"."
2595,86,7,0,2,1,"1"
2597,56,14,1,2,1,"1"
2598,37,14,2,1,1,"."
2600,34,13,1,2,1,"."
2601,25,16,3,2,1,"2"
2603,74,14,1,1,1,"2"
2604,44,14,2,1,1,"2"
2605,39,14,1,1,1,"."
2607,21,9,0,2,1,"."
2608,35,15,1,2,1,"."
2609,28,13,1,1,1,"."
2610,49,14,1,2,1,"."
2611,49,14,3,1,1,"."
2612,60,8,0,2,1,"1"
2613,42,14,2,2,1,"."
2614,22,14,2,2,1,"2"
2615,24,13,1,2,1,"."
2616,40,13,1,2,1,"."
2617,26,16,3,2,1,"2"
2618,46,16,3,1,1,"2"
2619,62,12,1,1,1,"2"
2620,59,13,1,2,1,"2"
2622,35,13,2,2,1,"1"
2624,40,12,1,2,1,"."
2625,47,10,0,1,1,"1"
2626,55,13,1,2,1,"3"
2627,67,12,1,2,1,"."
2631,65,7,0,2,1,"1"
2632,21,14,1,2,1,"2"
2633,36,14,1,1,3,"2"
2634,48,14,1,1,2,"."
2635,34,12,1,2,3,"."
2636,65,12,1,2,1,"."
2637,56,16,3,1,2,"."
2638,31,12,1,2,1,"2"
2641,19,13,1,2,1,"1"
2643,19,14,1,2,1,"2"
2644,32,17,4,1,1,"."
2645,25,14,1,2,1,"."
2647,22,15,1,2,1,"1"
2648,20,16,1,2,3,"9"
2650,42,11,1,2,1,"3"
2651,19,13,1,1,1,"1"
2652,47,12,1,1,1,"."
2653,62,13,1,2,1,"2"
2654,19,12,1,2,1,"."
2656,42,12,1,1,1,"."
2657,40,17,3,2,1,"2"
2658,36,16,3,1,1,"2"
2659,62,12,0,1,1,"."
2660,67,18,4,1,1,"2"
2661,60,7,0,1,1,"1"
2662,42,17,3,1,1,"."
2663,53,16,3,1,1,"1"
2664,35,12,1,1,1,"."
2665,46,15,2,1,1,"."
2666,51,12,1,1,1,"."
2667,39,16,3,2,1,"."
2668,62,11,1,2,1,"3"
2669,52,12,1,2,1,"."
2670,75,17,3,1,1,"2"
2671,63,13,1,1,1,"1"
2672,55,14,2,2,1,"2"
2673,65,20,4,1,1,"2"
2674,46,16,1,2,1,"2"
2676,31,11,0,2,1,"."
2677,64,8,0,2,1,"1"
2679,71,12,1,2,1,"1"
2680,50,18,3,2,1,"2"
2681,30,14,1,2,1,"."
2682,25,15,2,1,1,"."
2683,41,15,2,1,1,"."
2684,52,13,1,1,1,"."
2685,49,16,3,1,1,"."
2686,65,10,0,1,3,"."
2687,39,13,1,2,3,"1"
2688,64,9,0,1,3,"2"
2689,81,12,1,2,1,"."
2690,52,12,1,1,1,"3"
2691,26,12,1,2,2,"."
2692,88,8,0,2,1,"."
2693,70,12,1,1,1,"."
2694,76,18,4,1,1,"2"
2695,50,17,1,1,1,"."
2696,32,12,1,2,1,"."
2697,33,12,1,1,1,"2"
2698,35,12,1,2,1,"."
2699,64,11,0,1,1,"."
2700,48,12,1,1,1,"2"
2701,72,12,1,2,1,"2"
2702,50,15,1,2,1,"."
2703,34,9,1,2,3,"."
2704,28,14,1,2,1,"."
2705,23,12,1,2,1,"."
2706,65,11,1,2,3,"."
2707,60,16,3,2,1,"2"
2708,51,16,3,2,1,"."
2709,50,13,1,2,3,"."
2710,99,12,1,2,1,"."
2711,48,19,4,1,1,"2"
2712,34,16,3,2,3,"."
2713,62,13,1,1,1,"."
2714,68,15,1,1,1,"."
2715,51,14,1,2,1,"."
2716,27,12,1,1,1,"."
2717,40,19,3,1,1,"."
2718,49,12,1,1,1,"2"
2720,60,16,3,1,1,"."
2721,89,14,1,1,1,"3"
2722,55,14,1,1,1,"."
2723,50,14,1,1,1,"."
2725,51,1,0,1,1,"."
2726,52,17,4,2,1,"."
2727,82,16,3,2,1,"."
2728,26,19,4,2,1,"."
2729,69,12,1,1,1,"3"
2730,61,16,3,2,1,"."
2731,69,16,3,2,1,"2"
2732,60,16,3,1,1,"."
2733,36,18,4,2,1,"."
2734,46,16,3,2,1,"."
2735,34,16,3,1,1,"."
2736,41,18,3,1,1,"."
2737,85,16,3,2,1,"."
2738,22,13,1,1,2,"."
2739,40,12,1,1,2,"."
2740,76,12,1,2,1,"2"
2741,56,12,1,1,1,"."
2742,48,11,0,2,1,"."
2743,53,13,1,2,1,"."
2744,46,18,4,1,1,"."
2745,38,13,1,2,2,"."
2746,50,12,1,2,1,"."
2747,57,12,1,1,1,"."
2749,47,12,1,2,1,"."
2750,53,20,4,2,1,"."
2751,63,11,0,1,1,"."
2752,78,10,0,2,1,"."
2753,57,16,3,1,1,"2"
2754,54,13,1,1,1,"2"
2755,67,17,4,2,1,"."
2757,48,16,3,2,2,"."
2758,99,15,1,1,1,"."
2759,48,16,3,2,1,"3"
2760,61,18,1,1,1,"2"
2761,42,12,1,1,3,"1"
2762,55,16,3,2,1,"."
2763,35,12,1,1,1,"."
2764,67,5,0,1,1,"2"
2765,37,10,1,1,2,"."
2766,47,13,1,2,2,"."
2767,34,14,2,2,1,"."
2768,54,14,2,1,1,"3"
2769,61,15,2,2,1,"."
2770,67,8,0,2,1,"."
2771,45,13,1,1,1,"."
2772,33,12,1,1,1,"."
2773,34,12,1,2,1,"."
2775,27,14,1,1,1,"1"
2776,60,14,0,2,2,"."
2777,74,16,4,1,1,"."
2778,71,12,1,1,1,"."
2779,24,17,2,2,1,"."
2780,44,16,3,2,1,"2"
2781,85,16,3,1,1,"."
2783,66,12,1,2,1,"1"
2784,55,16,3,1,1,"."
2785,47,14,2,1,2,"."
2786,66,14,1,1,1,"."
2787,43,12,1,2,1,"."
2788,27,11,0,1,1,"."
2789,28,10,0,2,2,"."
2790,38,12,1,1,2,"3"
2791,43,15,2,1,1,"."
2792,23,12,1,2,2,"."
2793,35,12,1,2,2,"."
2794,25,16,3,2,1,"."
2795,21,16,3,1,1,"."
2796,32,19,3,1,1,"2"
2797,89,12,1,2,1,"."
2798,39,16,3,2,1,"."
2802,62,14,2,2,1,"."
2803,34,16,3,2,1,"1"
2804,33,14,1,2,1,"."
2806,23,16,3,1,3,"2"
2807,61,19,4,1,1,"."
2808,29,13,1,2,1,"3"
2809,31,15,1,1,1,"."
2810,62,16,3,1,1,"."
2811,43,10,0,2,1,"."
2812,55,16,3,1,1,"3"
11,74,12,1,1,2,"."
15,42,14,2,1,2,"3"
51,38,13,1,1,1,"2"
64,42,18,3,1,3,"4"
70,59,18,4,2,1,"."
72,33,17,3,2,2,"."
114,86,8,0,2,1,"1"
117,60,20,4,1,1,"."
121,33,16,3,2,1,"2"
148,21,15,1,1,1,"3"
196,27,14,1,1,1,"3"
200,36,16,3,2,3,"1"
215,56,14,2,1,3,"8"
278,60,16,3,2,1,"."
279,25,16,3,2,1,"3"
283,56,17,3,2,1,"3"
360,32,12,1,2,1,"."
386,32,16,3,1,3,"."
389,43,15,1,2,1,"1"
433,57,16,4,1,1,"."
598,26,16,3,1,1,"."
618,58,12,1,2,1,"."
640,52,16,3,1,1,"2"
740,42,11,0,1,1,"3"
823,39,12,1,1,2,"2"
864,27,16,3,1,1,"."
889,46,13,1,1,2,"."
917,47,19,4,1,1,"3"
922,51,16,3,2,1,"2"
946,35,14,1,1,1,"3"
1019,25,16,3,1,1,"3"
1064,39,15,1,2,1,"2"
1076,53,12,1,2,1,"2"
1082,50,18,4,1,1,"1"
1102,39,16,3,1,1,"2"
1123,36,11,1,2,1,"."
1183,42,16,1,1,1,"4"
1201,47,14,2,2,1,"."
1213,41,19,3,1,1,"2"
1248,51,20,4,1,1,"2"
1305,60,12,1,2,1,"."
1318,45,14,2,1,1,"."
1374,35,17,4,2,3,"."
1401,58,16,3,1,1,"."
1415,24,13,1,1,1,"2"
1463,49,16,3,1,3,"."
1486,50,11,1,2,2,"."
1582,58,12,1,1,1,"1"
1601,31,9,0,1,2,"."
1657,30,20,4,1,3,"."
1699,53,18,4,2,1,"2"
1778,35,14,2,2,1,"2"
1952,39,19,3,1,1,"."
2062,44,12,1,2,1,"1"
2072,54,12,1,1,1,"."
2144,42,13,1,2,1,"2"
2151,28,13,1,2,1,"."
2189,49,16,3,2,1,"."
2208,28,12,1,1,1,"."
2276,45,12,1,2,1,"."
2311,18,11,1,2,1,"1"
2341,42,16,3,2,1,"."
2362,32,14,1,2,1,"."
2531,33,12,1,2,1,"."
2602,26,11,0,1,1,"2"
2621,49,10,0,1,1,"."
2623,54,13,2,1,1,"."
2639,56,20,4,2,3,"4"
2655,61,18,4,2,1,"."
2719,41,17,2,2,1,"2"
1792,23,15,1,1,1,"2"
2115,33,12,1,2,1,"."
2574,62,18,4,2,1,"."
2629,41,12,1,2,1,"2"
3,52,14,1,1,2,"."
5,34,17,3,2,3,"."
53,37,12,1,2,2,"."
91,43,16,3,2,3,"2"
100,37,12,1,2,3,"3"
101,31,20,4,1,1,"3"
102,33,19,4,2,2,"2"
120,35,16,1,1,1,"."
122,35,20,3,1,1,"."
123,37,17,4,1,1,"2"
155,32,16,3,1,1,"."
161,25,15,1,1,1,"3"
166,25,11,0,1,1,"."
169,63,16,3,1,1,"."
173,34,16,3,1,3,"2"
174,34,14,2,2,3,"2"
186,62,14,2,1,1,"3"
197,30,14,1,1,3,"1"
201,27,12,1,2,1,"2"
229,26,12,1,2,1,"."
242,48,14,2,1,1,"2"
251,39,12,1,2,1,"2"
262,20,14,1,1,3,"."
263,22,16,3,1,3,"3"
269,32,16,3,2,1,"."
270,27,16,3,2,1,"."
275,22,12,1,2,1,"1"
280,39,18,4,2,1,"."
296,25,16,3,2,1,"."
313,56,12,1,1,1,"."
322,43,12,0,1,1,"."
324,24,15,1,2,2,"."
329,37,13,1,2,2,"8"
336,24,16,3,1,1,"."
348,35,13,1,2,1,"1"
363,48,15,1,2,1,"."
367,38,16,3,2,1,"1"
368,27,16,2,1,1,"3"
413,23,16,3,2,1,"."
418,35,12,1,2,2,"."
455,22,10,0,2,2,"1"
461,35,16,3,1,1,"3"
462,28,19,4,1,1,"."
464,28,16,3,2,1,"2"
472,59,20,4,2,1,"."
485,19,15,1,2,1,"."
491,26,12,1,2,2,"2"
501,21,12,1,2,2,"."
504,43,12,1,1,1,"."
505,43,14,2,2,1,"1"
509,22,14,2,2,3,"."
516,40,12,1,2,2,"."
528,56,0,0,1,1,"."
536,23,11,0,1,3,"2"
549,33,17,3,2,1,"2"
550,30,15,2,1,1,"2"
571,38,12,1,1,1,"2"
584,30,14,2,1,1,"2"
586,23,14,2,1,1,"2"
588,38,6,0,1,1,"1"
589,28,12,1,1,1,"."
593,26,16,3,1,3,"."
602,28,13,1,2,2,"1"
615,37,16,3,1,1,"."
616,40,11,0,1,2,"1"
623,36,13,1,2,2,"9"
671,25,12,1,2,2,"2"
695,30,16,3,1,2,"2"
696,24,14,1,1,1,"2"
698,32,11,0,2,3,"."
701,38,14,1,2,2,"."
704,32,14,2,2,2,"1"
709,40,12,1,1,2,"."
711,25,13,1,2,2,"1"
729,43,13,1,1,1,"."
743,35,16,3,1,1,"3"
754,21,14,1,1,3,"2"
760,52,15,3,2,1,"1"
762,51,2,0,2,2,"."
768,56,17,4,2,1,"."
825,25,16,3,1,1,"4"
869,35,12,1,1,1,"."
913,21,12,1,1,3,"3"
926,20,13,1,1,1,"2"
927,50,18,1,1,1,"."
929,44,12,1,1,1,"2"
930,37,16,3,1,1,"3"
933,58,14,1,1,1,"."
938,24,12,1,2,1,"2"
941,29,14,2,2,1,"."
962,34,11,0,1,1,"2"
998,59,6,0,1,2,"."
1008,57,13,1,1,2,"."
1009,32,13,1,1,1,"."
1011,33,16,3,1,1,"2"
1027,19,12,1,2,1,"."
1035,46,13,1,1,1,"."
1039,38,14,1,2,2,"."
1040,48,15,1,2,1,"2"
1048,20,14,1,1,3,"4"
1066,32,16,3,2,1,"."
1071,24,14,2,1,1,"2"
1080,24,16,3,2,1,"."
1116,45,12,1,2,1,"."
1117,58,14,2,1,2,"."
1129,22,11,1,2,1,"."
1131,34,20,4,1,1,"2"
1133,42,18,4,1,1,"2"
1187,23,16,1,2,1,"2"
1207,40,14,1,1,1,"2"
1219,46,17,3,2,1,"2"
1222,29,14,1,2,1,"."
1238,31,15,1,2,1,"."
1271,18,12,1,1,1,"."
1289,27,14,2,1,1,"2"
1293,44,14,1,2,1,"."
1297,43,19,4,2,1,"1"
1322,39,14,2,1,1,"2"
1323,25,12,1,1,1,"."
1324,27,12,1,2,1,"."
1346,19,12,1,2,2,"1"
1348,24,7,0,2,1,"."
1354,42,16,3,1,1,"."
1373,30,17,3,2,1,"."
1383,27,6,0,1,3,"."
1390,44,15,1,1,2,"."
1393,31,15,1,1,1,"3"
1395,24,14,1,2,1,"1"
1456,22,15,1,1,1,"2"
1458,21,15,1,2,1,"."
1460,18,12,1,1,1,"2"
1461,21,14,1,1,1,"3"
1471,26,18,4,1,1,"2"
1511,44,14,1,1,1,"."
1527,45,12,1,1,1,"2"
1540,30,13,1,2,1,"."
1566,43,11,0,1,2,"."
1573,28,12,1,1,2,"."
1618,32,14,2,2,2,"."
1623,44,19,4,2,1,"."
1646,27,13,1,1,2,"2"
1670,71,12,1,1,1,"."
1673,27,12,1,2,1,"."
1684,23,16,3,1,3,"."
1692,30,14,1,1,1,"2"
1696,19,10,0,1,3,"1"
1718,37,12,1,1,1,"2"
1724,31,12,1,1,3,"3"
1732,20,11,0,1,1,"2"
1734,30,12,1,2,3,"1"
1738,47,12,1,1,1,"2"
1747,43,13,2,2,2,"1"
1769,21,15,1,1,1,"."
1773,43,14,2,1,2,"."
1776,18,13,1,1,1,"1"
1783,35,13,1,2,1,"."
1784,21,10,0,2,1,"."
1820,24,15,2,2,1,"."
1838,38,12,1,1,1,"."
1860,31,13,1,1,3,"."
1863,54,20,4,1,1,"3"
1879,23,15,1,1,1,"2"
1883,25,16,3,1,3,"."
1891,20,13,1,1,1,"2"
1896,21,14,1,2,1,"1"
1901,30,15,1,2,1,"2"
1904,26,14,1,2,1,"1"
1907,34,16,3,1,1,"3"
1908,24,16,3,1,1,"."
1920,38,12,1,1,1,"2"
1929,20,12,1,1,1,"."
1930,41,16,3,1,1,"."
1932,34,20,2,1,1,"."
1962,59,10,0,1,1,"1"
1973,33,13,2,2,1,"."
2129,21,12,1,1,1,"3"
2259,51,15,2,2,1,"."
2300,34,12,1,1,1,"."
2314,28,12,1,2,1,"1"
2315,26,12,0,1,3,"3"
2354,33,10,0,1,3,"1"
2412,33,13,1,1,1,"."
2432,21,15,1,1,1,"."
2440,23,12,0,1,1,"1"
2450,23,11,0,1,1,"2"
2505,47,12,1,2,1,"."
2514,44,12,1,2,1,"8"
2518,36,12,1,1,1,"2"
2528,44,15,1,1,1,"."
2535,39,16,3,1,1,"."
2538,61,12,1,1,1,"."
2557,25,14,2,2,1,"."
2578,28,16,3,2,1,"."
2596,37,9,1,2,1,"2"
2606,51,10,1,1,3,"."
2628,22,14,1,2,1,"2"
2646,60,15,1,2,1,"."
2649,24,17,3,1,3,"2"
2675,34,19,4,1,1,"."
2678,49,12,1,2,1,"1"
2724,26,14,1,1,1,"."
2748,32,17,3,2,1,"."
2756,26,16,3,1,1,"1"
2774,56,14,1,1,1,"."
2782,66,16,3,1,1,"."
2799,41,12,1,1,1,"2"
2801,47,12,1,1,1,"."
2805,24,12,1,2,1,"2"
2642,61,20,4,1,1,"."
74,45,15,1,2,2,"."
119,52,13,1,2,1,"2"
179,44,16,3,1,1,"3"
241,57,15,2,2,1,"2"
256,40,18,3,2,1,"."
281,28,16,3,1,1,"."
284,42,19,4,2,1,"."
495,32,16,2,2,2,"9"
683,26,11,0,1,1,"."
772,31,16,3,1,2,"3"
1020,39,14,1,2,1,"2"
1047,21,15,1,2,1,"2"
1083,32,16,3,1,3,"2"
1089,42,12,1,1,1,"3"
1175,31,12,1,2,1,"3"
1208,27,13,1,1,1,"."
1232,40,12,1,2,1,"."
1243,57,14,1,1,1,"1"
1347,67,8,0,1,2,"."
1419,28,13,1,2,1,"3"
1691,25,16,3,1,1,"2"
1852,47,10,0,1,1,"."
2162,71,13,1,1,1,"2"
2221,28,9,0,1,1,"3"
2232,29,14,2,2,1,"1"
2234,40,12,1,1,1,"1"
2237,41,11,0,2,1,"."
2238,49,14,2,1,1,"."
2242,31,13,1,2,1,"."
2243,42,14,1,2,1,"2"
2246,32,10,1,1,1,"1"
2248,35,19,4,1,1,"1"
2257,71,12,1,1,1,"."
2292,34,14,1,2,1,"."
